timeOpen,Date,timeHigh,timeLow,name,open,high,low,Value,volume,marketCap,timestamp
"2025-02-10T00:00:00.000Z","2025-02-16T23:59:59.999Z","2025-02-14T18:08:00.000Z","2025-02-10T02:32:00.000Z","2781",0.6827727314,0.82707938,0.6656032397,0.7720048048,7117422817.62,27175367979.8,"2025-02-16T23:59:59.999Z"
"2025-02-03T00:00:00.000Z","2025-02-09T23:59:59.999Z","2025-02-03T22:31:00.000Z","2025-02-03T02:10:00.000Z","2781",0.8017533085,0.8229945448,0.5648374894,0.6827005893,10154660893.14,24031690316.53,"2025-02-09T23:59:59.999Z"
"2025-01-27T00:00:00.000Z","2025-02-02T23:59:59.999Z","2025-01-30T15:13:00.000Z","2025-02-02T23:33:00.000Z","2781",0.9548213338,0.9862493962,0.7710753995,0.801740224,7201768631.39,28210404249.11,"2025-02-02T23:59:59.999Z"
"2025-01-20T00:00:00.000Z","2025-01-26T23:59:59.999Z","2025-01-20T08:27:00.000Z","2025-01-23T11:13:00.000Z","2781",0.9911685015,1.0967014338,0.9537473473,0.954855997,8570048526.33,33590830438.81,"2025-01-26T23:59:59.999Z"
"2025-01-13T00:00:00.000Z","2025-01-19T23:59:59.999Z","2025-01-17T21:13:00.000Z","2025-01-13T14:37:00.000Z","2781",0.9685336848,1.1636751423,0.8893385042,0.9911910263,15339462496.17,34860727928.46,"2025-01-19T23:59:59.999Z"
"2025-01-06T00:00:00.000Z","2025-01-12T23:59:59.999Z","2025-01-07T11:25:00.000Z","2025-01-09T14:08:00.000Z","2781",1.0934635743,1.1501633234,0.8837611459,0.968555094,12605740088.74,34051912162.7,"2025-01-12T23:59:59.999Z"
"2024-12-30T00:00:00.000Z","2025-01-05T23:59:59.999Z","2025-01-03T20:59:00.000Z","2024-12-30T15:38:00.000Z","2781",0.8586409899,1.1160989636,0.8309826733,1.0934667765,9893462790.23,38436506288.75,"2025-01-05T23:59:59.999Z"
"2024-12-23T00:00:00.000Z","2024-12-29T23:59:59.999Z","2024-12-24T15:47:00.000Z","2024-12-29T23:27:00.000Z","2781",0.8829843207,0.9477131291,0.852289838,0.8586404983,6582218324.43,30165682047.15,"2024-12-29T23:59:59.999Z"
"2024-12-16T00:00:00.000Z","2024-12-22T23:59:59.999Z","2024-12-16T16:43:00.000Z","2024-12-20T12:03:00.000Z","2781",1.1016655302,1.1157064349,0.7658894261,0.8829756791,17207625291.51,31015857015.49,"2024-12-22T23:59:59.999Z"
"2024-12-09T00:00:00.000Z","2024-12-15T23:59:59.999Z","2024-12-09T00:00:00.000Z","2024-12-10T18:13:00.000Z","2781",1.1962964152,1.1964147386,0.9149686701,1.1017075305,19846670434.47,38689741323.37,"2024-12-15T23:59:59.999Z"
"2024-12-02T00:00:00.000Z","2024-12-08T23:59:59.999Z","2024-12-03T03:47:00.000Z","2024-12-02T11:13:00.000Z","2781",1.1552863677,1.3186808412,1.061596998,1.1962913279,22694940668.05,41992654626.24,"2024-12-08T23:59:59.999Z"
"2024-11-25T00:00:00.000Z","2024-12-01T23:59:59.999Z","2024-12-01T23:45:00.000Z","2024-11-26T11:43:00.000Z","2781",1.0231124417,1.1584926576,0.8797213811,1.1552518684,18764393089.81,40534243711.11,"2024-12-01T23:59:59.999Z"
"2024-11-18T00:00:00.000Z","2024-11-24T23:59:59.999Z","2024-11-23T15:16:00.000Z","2024-11-18T00:02:00.000Z","2781",0.7023014184,1.1416819596,0.702262183,1.0231061746,29280241759.66,35862631935.64,"2024-11-24T23:59:59.999Z"
"2024-11-11T00:00:00.000Z","2024-11-17T23:59:59.999Z","2024-11-16T15:10:00.000Z","2024-11-13T06:40:00.000Z","2781",0.5903050326,0.8116561765,0.521302085,0.7023254287,21338302103.36,24604271128.77,"2024-11-17T23:59:59.999Z"
"2024-11-04T00:00:00.000Z","2024-11-10T23:59:59.999Z","2024-11-10T12:46:00.000Z","2024-11-04T22:00:00.000Z","2781",0.3342854163,0.6523014913,0.3213986749,0.5903091695,9175568828.82,20671613621.31,"2024-11-10T23:59:59.999Z"
"2024-10-28T00:00:00.000Z","2024-11-03T23:59:59.999Z","2024-10-30T02:17:00.000Z","2024-11-03T18:51:00.000Z","2781",0.3398723243,0.3630260495,0.3292361926,0.3342846917,2291101286.99,11698332140.3,"2024-11-03T23:59:59.999Z"
"2024-10-21T00:00:00.000Z","2024-10-27T23:59:59.999Z","2024-10-21T05:07:00.000Z","2024-10-25T23:29:00.000Z","2781",0.3648422956,0.3719046934,0.3204746488,0.3398721513,1999061961.7,11891077042.17,"2024-10-27T23:59:59.999Z"
"2024-10-14T00:00:00.000Z","2024-10-20T23:59:59.999Z","2024-10-15T14:03:00.000Z","2024-10-17T18:16:00.000Z","2781",0.3480354035,0.3694490184,0.340342114,0.3648413974,1816580168.7,12760084964.7,"2024-10-20T23:59:59.999Z"
"2024-10-07T00:00:00.000Z","2024-10-13T23:59:59.999Z","2024-10-07T02:11:00.000Z","2024-10-10T18:28:00.000Z","2781",0.3572301643,0.3676765857,0.3320743995,0.3480338531,1599290463.95,12169820360.8,"2024-10-13T23:59:59.999Z"
"2024-09-30T00:00:00.000Z","2024-10-06T23:59:59.999Z","2024-09-30T00:01:00.000Z","2024-10-03T09:06:00.000Z","2781",0.3975997988,0.3976211415,0.3332549148,0.3572301643,1910767120.37,12489157157.52,"2024-10-06T23:59:59.999Z"
"2024-09-23T00:00:00.000Z","2024-09-29T23:59:59.999Z","2024-09-27T05:54:00.000Z","2024-09-23T00:19:00.000Z","2781",0.3517718959,0.414669057,0.3471376581,0.397596552,1934840150,13895867951.07,"2024-09-29T23:59:59.999Z"
"2024-09-16T00:00:00.000Z","2024-09-22T23:59:59.999Z","2024-09-20T05:11:00.000Z","2024-09-16T21:10:00.000Z","2781",0.3385240662,0.3609309497,0.3269667602,0.3517718959,1549279722.35,12649943580.12,"2024-09-22T23:59:59.999Z"
"2024-09-09T00:00:00.000Z","2024-09-15T23:59:59.999Z","2024-09-13T16:10:00.000Z","2024-09-11T14:52:00.000Z","2781",0.338653619,0.36454756,0.3305061092,0.3385230135,1805919461.56,12173543105.36,"2024-09-15T23:59:59.999Z"
"2024-09-02T00:00:00.000Z","2024-09-08T23:59:59.999Z","2024-09-08T12:22:00.000Z","2024-09-06T21:04:00.000Z","2781",0.3317395116,0.3405811243,0.3051042193,0.3386593134,1980642929.58,12178201909.3,"2024-09-08T23:59:59.999Z"
"2024-08-26T00:00:00.000Z","2024-09-01T23:59:59.999Z","2024-08-26T00:13:00.000Z","2024-09-01T23:01:00.000Z","2781",0.3849759828,0.3876762168,0.3288616744,0.3317395116,1806527138.01,11929566160.47,"2024-09-01T23:59:59.999Z"
"2024-08-19T00:00:00.000Z","2024-08-25T23:59:59.999Z","2024-08-24T18:40:00.000Z","2024-08-19T10:12:00.000Z","2781",0.3348308919,0.4011769437,0.3288422501,0.3849789529,1953092241.6,13842032559.55,"2024-08-25T23:59:59.999Z"
"2024-08-12T00:00:00.000Z","2024-08-18T23:59:59.999Z","2024-08-14T12:46:00.000Z","2024-08-16T02:15:00.000Z","2781",0.328319457,0.3451939346,0.3210185595,0.3348308919,1580442600.51,12034901162.09,"2024-08-18T23:59:59.999Z"
"2024-08-05T00:00:00.000Z","2024-08-11T23:59:59.999Z","2024-08-11T09:26:00.000Z","2024-08-05T06:44:00.000Z","2781",0.343937541,0.3562749865,0.279886356,0.3283220959,3197135756.75,11798020978.25,"2024-08-11T23:59:59.999Z"
"2024-07-29T00:00:00.000Z","2024-08-04T23:59:59.999Z","2024-07-29T03:24:00.000Z","2024-08-04T17:46:00.000Z","2781",0.4073869855,0.4264365767,0.3355692439,0.343937541,2255055963.75,12353139401.88,"2024-08-04T23:59:59.999Z"
"2024-07-22T00:00:00.000Z","2024-07-28T23:59:59.999Z","2024-07-22T00:10:00.000Z","2024-07-25T20:15:00.000Z","2781",0.4460574922,0.449401265,0.3828254978,0.4073870857,2547129420.43,14628357810.33,"2024-07-28T23:59:59.999Z"
"2024-07-15T00:00:00.000Z","2024-07-21T23:59:59.999Z","2024-07-17T14:04:00.000Z","2024-07-19T01:22:00.000Z","2781",0.4323694471,0.4552227615,0.4159314351,0.4460774058,2603908584.17,16011308112.92,"2024-07-21T23:59:59.999Z"
"2024-07-08T00:00:00.000Z","2024-07-14T23:59:59.999Z","2024-07-13T20:01:00.000Z","2024-07-08T01:13:00.000Z","2781",0.346644621,0.4451795864,0.3333431699,0.4323477941,2418766481.85,15513078172.91,"2024-07-14T23:59:59.999Z"
"2024-07-01T00:00:00.000Z","2024-07-07T23:59:59.999Z","2024-07-03T01:01:00.000Z","2024-07-05T09:03:00.000Z","2781",0.3921354577,0.4219101157,0.3209549323,0.3466183361,2801329444.68,12398538838.36,"2024-07-07T23:59:59.999Z"
"2024-06-24T00:00:00.000Z","2024-06-30T23:59:59.999Z","2024-06-29T03:49:00.000Z","2024-06-24T20:34:00.000Z","2781",0.380225138,0.4020239929,0.3666629335,0.3921916801,2179927320.76,14021746199.56,"2024-06-30T23:59:59.999Z"
"2024-06-17T00:00:00.000Z","2024-06-23T23:59:59.999Z","2024-06-17T19:31:00.000Z","2024-06-18T01:46:00.000Z","2781",0.4163881834,0.4199870808,0.3665771535,0.3803033029,2277695549.19,13593259475.91,"2024-06-23T23:59:59.999Z"
"2024-06-10T00:00:00.000Z","2024-06-16T23:59:59.999Z","2024-06-10T10:22:00.000Z","2024-06-14T19:21:00.000Z","2781",0.4441014015,0.4500877158,0.4034103988,0.4163789195,2668490446.79,14876771558.93,"2024-06-16T23:59:59.999Z"
"2024-06-03T00:00:00.000Z","2024-06-09T23:59:59.999Z","2024-06-07T14:12:00.000Z","2024-06-09T05:12:00.000Z","2781",0.446494552,0.488435906,0.4332573338,0.4441064547,2789718056.97,15861851038.01,"2024-06-09T23:59:59.999Z"
"2024-05-27T00:00:00.000Z","2024-06-02T23:59:59.999Z","2024-05-27T16:22:00.000Z","2024-06-02T19:27:00.000Z","2781",0.4583749224,0.473999104,0.4424216267,0.4464940812,2160459511.85,15942185276.43,"2024-06-02T23:59:59.999Z"
"2024-05-20T00:00:00.000Z","2024-05-26T23:59:59.999Z","2024-05-21T00:49:00.000Z","2024-05-23T20:10:00.000Z","2781",0.4676020802,0.5089682683,0.448582102,0.4583749224,2944157955.04,16359019332.74,"2024-05-26T23:59:59.999Z"
"2024-05-13T00:00:00.000Z","2024-05-19T23:59:59.999Z","2024-05-17T11:31:00.000Z","2024-05-13T05:04:00.000Z","2781",0.4376527838,0.4899448282,0.4261593486,0.4676020802,2355134506.78,16684102989.48,"2024-05-19T23:59:59.999Z"
"2024-05-06T00:00:00.000Z","2024-05-12T23:59:59.999Z","2024-05-06T08:43:00.000Z","2024-05-12T21:28:00.000Z","2781",0.4583336251,0.474643615,0.4352508386,0.4376527838,2138072363.18,15609073447.6,"2024-05-12T23:59:59.999Z"
"2024-04-29T00:00:00.000Z","2024-05-05T23:59:59.999Z","2024-05-04T11:03:00.000Z","2024-05-01T08:32:00.000Z","2781",0.4604817086,0.4745521944,0.4195038337,0.4583344238,2410817094.48,16340709993.25,"2024-05-05T23:59:59.999Z"
"2024-04-22T00:00:00.000Z","2024-04-28T23:59:59.999Z","2024-04-22T22:13:00.000Z","2024-04-27T01:20:00.000Z","2781",0.4992896537,0.5218066707,0.4508863494,0.4604744818,2533167005.61,16413032574.69,"2024-04-28T23:59:59.999Z"
"2024-04-15T00:00:00.000Z","2024-04-21T23:59:59.999Z","2024-04-21T02:37:00.000Z","2024-04-19T02:50:00.000Z","2781",0.4689110376,0.5122656459,0.4257024158,0.4992923511,3622030982.98,17787002802.59,"2024-04-21T23:59:59.999Z"
"2024-04-08T00:00:00.000Z","2024-04-14T23:59:59.999Z","2024-04-09T12:52:00.000Z","2024-04-13T21:31:00.000Z","2781",0.5894719942,0.6232128876,0.4090733459,0.4689110376,5137712731.54,16700486813.2,"2024-04-14T23:59:59.999Z"
"2024-04-01T00:00:00.000Z","2024-04-07T23:59:59.999Z","2024-04-01T00:23:00.000Z","2024-04-04T04:28:00.000Z","2781",0.6504271562,0.6509563886,0.562019985,0.5894736813,3300204627.14,20985700840,"2024-04-07T23:59:59.999Z"
"2024-03-25T00:00:00.000Z","2024-03-31T23:59:59.999Z","2024-03-26T10:58:00.000Z","2024-03-27T16:17:00.000Z","2781",0.6461522141,0.682586735,0.6327039019,0.6504271562,3601896771.37,23147368977.08,"2024-03-31T23:59:59.999Z"
"2024-03-18T00:00:00.000Z","2024-03-24T23:59:59.999Z","2024-03-18T06:14:00.000Z","2024-03-20T05:28:00.000Z","2781",0.6810988577,0.6964103574,0.5724962809,0.6461569558,4979631650.96,22989329271.54,"2024-03-24T23:59:59.999Z"
"2024-03-11T00:00:00.000Z","2024-03-17T23:59:59.999Z","2024-03-14T10:25:00.000Z","2024-03-17T07:25:00.000Z","2781",0.7171515865,0.8069850956,0.6337869456,0.6810988577,7961751589.01,24220040381.99,"2024-03-17T23:59:59.999Z"
"2024-03-04T00:00:00.000Z","2024-03-10T23:59:59.999Z","2024-03-04T10:11:00.000Z","2024-03-05T19:58:00.000Z","2781",0.7281794723,0.7965676989,0.5958084824,0.717226948,8125386076.83,25457988581.45,"2024-03-10T23:59:59.999Z"
"2024-02-26T00:00:00.000Z","2024-03-03T23:59:59.999Z","2024-03-02T03:02:00.000Z","2024-02-26T10:01:00.000Z","2781",0.5913613766,0.7613030646,0.5752556471,0.7282376547,7262219840.19,25840431494.92,"2024-03-03T23:59:59.999Z"
"2024-02-19T00:00:00.000Z","2024-02-25T23:59:59.999Z","2024-02-20T13:55:00.000Z","2024-02-23T16:24:00.000Z","2781",0.6187694416,0.6390206804,0.5704980856,0.591378706,3700634922.36,20976354319.89,"2024-02-25T23:59:59.999Z"
"2024-02-12T00:00:00.000Z","2024-02-18T23:59:59.999Z","2024-02-18T09:26:00.000Z","2024-02-12T11:35:00.000Z","2781",0.5414330729,0.6374849307,0.5319481291,0.6187338514,4000027409.77,21939454590.38,"2024-02-18T23:59:59.999Z"
"2024-02-05T00:00:00.000Z","2024-02-11T23:59:59.999Z","2024-02-11T06:51:00.000Z","2024-02-07T12:05:00.000Z","2781",0.4942400794,0.564102271,0.4750450359,0.5414097959,3166048273.18,19188634145.37,"2024-02-11T23:59:59.999Z"
"2024-01-29T00:00:00.000Z","2024-02-04T23:59:59.999Z","2024-01-30T03:07:00.000Z","2024-01-29T13:53:00.000Z","2781",0.4897680988,0.535742396,0.4855677157,0.4942563379,2715405892.26,17512841088.63,"2024-02-04T23:59:59.999Z"
"2024-01-22T00:00:00.000Z","2024-01-28T23:59:59.999Z","2024-01-22T01:11:00.000Z","2024-01-23T14:25:00.000Z","2781",0.5031554698,0.5050893889,0.4496989395,0.4897186335,2658973943.48,17344673720.32,"2024-01-28T23:59:59.999Z"
"2024-01-15T00:00:00.000Z","2024-01-21T23:59:59.999Z","2024-01-16T16:51:00.000Z","2024-01-19T16:47:00.000Z","2781",0.525907592,0.5460186848,0.4742742982,0.5031052729,2333629825.08,17812257410.38,"2024-01-21T23:59:59.999Z"
"2024-01-08T00:00:00.000Z","2024-01-14T23:59:59.999Z","2024-01-11T12:59:00.000Z","2024-01-08T03:30:00.000Z","2781",0.4942227955,0.6157943114,0.4681862523,0.5259807145,4948736540.76,18616041015.97,"2024-01-14T23:59:59.999Z"
"2024-01-01T00:00:00.000Z","2024-01-07T23:59:59.999Z","2024-01-02T01:10:00.000Z","2024-01-07T23:45:00.000Z","2781",0.5941873398,0.6367038894,0.4903057557,0.4941735278,4216503369.39,17481939718.42,"2024-01-07T23:59:59.999Z"
"2023-12-25T00:00:00.000Z","2023-12-31T23:59:59.999Z","2023-12-28T04:30:00.000Z","2023-12-26T17:45:00.000Z","2781",0.5938640357,0.6754501952,0.5808926163,0.594204769,5131963677.2,21014927331,"2023-12-31T23:59:59.999Z"
"2023-12-18T00:00:00.000Z","2023-12-24T23:59:59.999Z","2023-12-22T01:39:00.000Z","2023-12-18T10:38:00.000Z","2781",0.5802436758,0.6502668038,0.5467024495,0.5939552556,5003561499.02,20996828613.07,"2023-12-24T23:59:59.999Z"
"2023-12-11T00:00:00.000Z","2023-12-17T23:59:59.999Z","2023-12-14T01:58:00.000Z","2023-12-11T19:43:00.000Z","2781",0.5940380779,0.6778052684,0.5246140596,0.5803143424,7765672921.08,20506770291.77,"2023-12-17T23:59:59.999Z"
"2023-12-04T00:00:00.000Z","2023-12-10T23:59:59.999Z","2023-12-09T08:32:00.000Z","2023-12-04T00:24:00.000Z","2781",0.395191554,0.6430238422,0.3948614618,0.5941550953,7824919018.18,20988717375,"2023-12-10T23:59:59.999Z"
"2023-11-27T00:00:00.000Z","2023-12-03T23:59:59.999Z","2023-12-03T02:26:00.000Z","2023-11-28T09:13:00.000Z","2781",0.3881130876,0.4023229764,0.3704889238,0.3951549722,1861978339.22,13952115774.41,"2023-12-03T23:59:59.999Z"
"2023-11-20T00:00:00.000Z","2023-11-26T23:59:59.999Z","2023-11-20T10:47:00.000Z","2023-11-21T23:04:00.000Z","2781",0.3845286897,0.3992759796,0.3573001293,0.388184707,2192398082.58,13702246322.89,"2023-11-26T23:59:59.999Z"
"2023-11-13T00:00:00.000Z","2023-11-19T23:59:59.999Z","2023-11-16T08:51:00.000Z","2023-11-14T18:58:00.000Z","2781",0.3834138397,0.4085248465,0.3449532747,0.3845247446,3133832647.25,13566921997.81,"2023-11-19T23:59:59.999Z"
"2023-11-06T00:00:00.000Z","2023-11-12T23:59:59.999Z","2023-11-11T16:54:00.000Z","2023-11-07T17:09:00.000Z","2781",0.3428586013,0.3943944947,0.3351300141,0.3833825469,3330114877.69,13521334640.32,"2023-11-12T23:59:59.999Z"
"2023-10-30T00:00:00.000Z","2023-11-05T23:59:59.999Z","2023-11-05T17:43:00.000Z","2023-11-01T06:07:00.000Z","2781",0.2953048371,0.3497898645,0.2853185955,0.3428698419,2193978151.74,12088278814.61,"2023-11-05T23:59:59.999Z"
"2023-10-23T00:00:00.000Z","2023-10-29T23:59:59.999Z","2023-10-29T17:55:00.000Z","2023-10-23T09:50:00.000Z","2781",0.2650276173,0.2985962161,0.2624869694,0.2952827666,1723483148.78,10405348617.27,"2023-10-29T23:59:59.999Z"
"2023-10-16T00:00:00.000Z","2023-10-22T23:59:59.999Z","2023-10-22T23:45:00.000Z","2023-10-19T02:44:00.000Z","2781",0.2473464768,0.264044137,0.2406560282,0.2635729261,945545162.33,9285305754.09,"2023-10-22T23:59:59.999Z"
"2023-10-09T00:00:00.000Z","2023-10-15T23:59:59.999Z","2023-10-09T05:15:00.000Z","2023-10-12T17:10:00.000Z","2781",0.2566102479,0.2585331826,0.2431757115,0.247356044,703437548.09,8709949444.03,"2023-10-15T23:59:59.999Z"
"2023-10-02T00:00:00.000Z","2023-10-08T23:59:59.999Z","2023-10-02T10:13:00.000Z","2023-10-04T00:47:00.000Z","2781",0.2658884077,0.2690355123,0.2545736509,0.2566289833,902383764.12,9020125009.31,"2023-10-08T23:59:59.999Z"
"2023-09-25T00:00:00.000Z","2023-10-01T23:59:59.999Z","2023-10-01T23:04:00.000Z","2023-09-25T00:26:00.000Z","2781",0.2430283461,0.2674712887,0.242182244,0.2658952489,905527551.78,9342534384.34,"2023-10-01T23:59:59.999Z"
"2023-09-18T00:00:00.000Z","2023-09-24T23:59:59.999Z","2023-09-19T09:43:00.000Z","2023-09-24T23:39:00.000Z","2781",0.2473270571,0.2575438256,0.2425650361,0.2430263282,848198438.25,8534687570.42,"2023-09-24T23:59:59.999Z"
"2023-09-11T00:00:00.000Z","2023-09-17T23:59:59.999Z","2023-09-15T04:19:00.000Z","2023-09-11T19:40:00.000Z","2781",0.2490395181,0.2546778108,0.2376258303,0.2473157819,772163030.81,8682830662.83,"2023-09-17T23:59:59.999Z"
"2023-09-04T00:00:00.000Z","2023-09-10T23:59:59.999Z","2023-09-04T03:14:00.000Z","2023-09-10T04:31:00.000Z","2781",0.2557987393,0.259466255,0.2454608116,0.2490521684,707456095.12,8739695392.6,"2023-09-10T23:59:59.999Z"
"2023-08-28T00:00:00.000Z","2023-09-03T23:59:59.999Z","2023-08-29T17:37:00.000Z","2023-08-31T21:11:00.000Z","2781",0.26345253,0.2785740182,0.2525241148,0.2557931767,1312439382.14,8972698220.51,"2023-09-03T23:59:59.999Z"
"2023-08-21T00:00:00.000Z","2023-08-27T23:59:59.999Z","2023-08-21T01:32:00.000Z","2023-08-22T21:29:00.000Z","2781",0.2707044919,0.2718842078,0.2523032397,0.2634461155,1257647682.62,9237933321.71,"2023-08-27T23:59:59.999Z"
"2023-08-14T00:00:00.000Z","2023-08-20T23:59:59.999Z","2023-08-14T15:47:00.000Z","2023-08-17T21:48:00.000Z","2781",0.2895293378,0.2920738595,0.2457951035,0.270709139,1485897422.79,9487802090.22,"2023-08-20T23:59:59.999Z"
"2023-08-07T00:00:00.000Z","2023-08-13T23:59:59.999Z","2023-08-08T18:26:00.000Z","2023-08-07T16:20:00.000Z","2781",0.2920795645,0.302092225,0.2844063724,0.2895309679,1408335107.88,10144538405.55,"2023-08-13T23:59:59.999Z"
"2023-07-31T00:00:00.000Z","2023-08-06T23:59:59.999Z","2023-07-31T01:05:00.000Z","2023-08-05T13:59:00.000Z","2781",0.3155817604,0.3177196914,0.29046636,0.2920819052,1525033347.08,10229109437.44,"2023-08-06T23:59:59.999Z"
"2023-07-24T00:00:00.000Z","2023-07-30T23:59:59.999Z","2023-07-24T00:52:00.000Z","2023-07-26T09:57:00.000Z","2781",0.3171602356,0.3185959738,0.300884726,0.3156331123,1284693936.24,11049463778.91,"2023-07-30T23:59:59.999Z"
"2023-07-17T00:00:00.000Z","2023-07-23T23:59:59.999Z","2023-07-20T03:07:00.000Z","2023-07-18T17:38:00.000Z","2781",0.3148929293,0.3315602787,0.3024353243,0.3171633896,1980041307.24,11099042359.87,"2023-07-23T23:59:59.999Z"
"2023-07-10T00:00:00.000Z","2023-07-16T23:59:59.999Z","2023-07-14T00:17:00.000Z","2023-07-10T00:20:00.000Z","2781",0.284598358,0.3747097746,0.2796138686,0.3148836836,3125607391.27,11013513296.07,"2023-07-16T23:59:59.999Z"
"2023-07-03T00:00:00.000Z","2023-07-09T23:59:59.999Z","2023-07-04T04:31:00.000Z","2023-07-06T14:42:00.000Z","2781",0.2920415088,0.3009482936,0.2770933315,0.28459137,1549418890.41,9951076090.56,"2023-07-09T23:59:59.999Z"
"2023-06-26T00:00:00.000Z","2023-07-02T23:59:59.999Z","2023-06-30T13:33:00.000Z","2023-06-28T19:45:00.000Z","2781",0.2923093354,0.2983098185,0.2649099399,0.2920549557,1819421093.48,10207186400.63,"2023-07-02T23:59:59.999Z"
"2023-06-19T00:00:00.000Z","2023-06-25T23:59:59.999Z","2023-06-22T09:30:00.000Z","2023-06-20T14:29:00.000Z","2781",0.2609677851,0.304300054,0.2532305186,0.2923247786,1719214699.51,10212503101.94,"2023-06-25T23:59:59.999Z"
"2023-06-12T00:00:00.000Z","2023-06-18T23:59:59.999Z","2023-06-13T12:36:00.000Z","2023-06-15T17:41:00.000Z","2781",0.2725829086,0.2874216094,0.2534064157,0.2609629662,1736116900.37,9113534848.86,"2023-06-18T23:59:59.999Z"
"2023-06-05T00:00:00.000Z","2023-06-11T23:59:59.999Z","2023-06-05T02:26:00.000Z","2023-06-10T04:30:00.000Z","2781",0.3776911446,0.3790220942,0.2304195144,0.2726298136,3502336016.93,9515862809.57,"2023-06-11T23:59:59.999Z"
"2023-05-29T00:00:00.000Z","2023-06-04T23:59:59.999Z","2023-05-29T01:32:00.000Z","2023-06-01T10:20:00.000Z","2781",0.383026355,0.3859469274,0.361691517,0.3776931769,1261904930.02,13179267542.19,"2023-06-04T23:59:59.999Z"
"2023-05-22T00:00:00.000Z","2023-05-28T23:59:59.999Z","2023-05-28T23:16:00.000Z","2023-05-26T02:20:00.000Z","2781",0.3603816569,0.3837450589,0.3544843774,0.3829994296,1155925721.89,13358108791.68,"2023-05-28T23:59:59.999Z"
"2023-05-15T00:00:00.000Z","2023-05-21T23:59:59.999Z","2023-05-18T11:16:00.000Z","2023-05-21T21:10:00.000Z","2781",0.3707873136,0.3798089732,0.358336453,0.3603634235,1140305812.92,12563402691.64,"2023-05-21T23:59:59.999Z"
"2023-05-08T00:00:00.000Z","2023-05-14T23:59:59.999Z","2023-05-08T01:06:00.000Z","2023-05-11T18:23:00.000Z","2781",0.3768948616,0.3796754877,0.3512082273,0.3707606872,1622796827.32,12922019994.92,"2023-05-14T23:59:59.999Z"
"2023-05-01T00:00:00.000Z","2023-05-07T23:59:59.999Z","2023-05-01T00:46:00.000Z","2023-05-06T15:04:00.000Z","2781",0.397280942,0.3977470341,0.3765799584,0.3769061416,1502681441.41,13128013021.84,"2023-05-07T23:59:59.999Z"
"2023-04-24T00:00:00.000Z","2023-04-30T23:59:59.999Z","2023-04-27T18:46:00.000Z","2023-04-25T11:05:00.000Z","2781",0.3889982342,0.4178685021,0.3777907591,0.3973536325,2071480193.75,13832293738.71,"2023-04-30T23:59:59.999Z"
"2023-04-17T00:00:00.000Z","2023-04-23T23:59:59.999Z","2023-04-17T00:00:00.000Z","2023-04-21T22:05:00.000Z","2781",0.4517578076,0.4517578076,0.380415281,0.3890003965,2756122341.09,13534508992.02,"2023-04-23T23:59:59.999Z"
"2023-04-10T00:00:00.000Z","2023-04-16T23:59:59.999Z","2023-04-15T14:50:00.000Z","2023-04-10T02:04:00.000Z","2781",0.3897008275,0.4605623755,0.3854904606,0.4517552208,3707930044.31,15710899753.13,"2023-04-16T23:59:59.999Z"
"2023-04-03T00:00:00.000Z","2023-04-09T23:59:59.999Z","2023-04-03T09:12:00.000Z","2023-04-03T01:49:00.000Z","2781",0.3817347191,0.4034647635,0.372874866,0.3896925985,2172058558.38,13548103031.15,"2023-04-09T23:59:59.999Z"
"2023-03-27T00:00:00.000Z","2023-04-02T23:59:59.999Z","2023-03-31T18:04:00.000Z","2023-03-27T15:13:00.000Z","2781",0.3562532263,0.4079376663,0.3387382441,0.3817529542,2778009942.91,13263150756.35,"2023-04-02T23:59:59.999Z"
"2023-03-20T00:00:00.000Z","2023-03-26T23:59:59.999Z","2023-03-22T06:01:00.000Z","2023-03-21T07:16:00.000Z","2781",0.3459602815,0.3869591358,0.3318083542,0.3562454397,2972803812.92,12372765630.66,"2023-03-26T23:59:59.999Z"
"2023-03-13T00:00:00.000Z","2023-03-19T23:59:59.999Z","2023-03-14T14:58:00.000Z","2023-03-15T17:01:00.000Z","2781",0.3316030646,0.3684918131,0.317715896,0.346009667,3228447006.71,12010700678.55,"2023-03-19T23:59:59.999Z"
"2023-03-06T00:00:00.000Z","2023-03-12T23:59:59.999Z","2023-03-06T00:46:00.000Z","2023-03-10T10:46:00.000Z","2781",0.3370993941,0.3384093279,0.2984843659,0.3315393826,2525897073.56,11502814323.25,"2023-03-12T23:59:59.999Z"
"2023-02-27T00:00:00.000Z","2023-03-05T23:59:59.999Z","2023-02-27T15:20:00.000Z","2023-03-03T02:01:00.000Z","2781",0.3689400357,0.3698931737,0.3276222946,0.3371016968,1688555006.52,11691782766.97,"2023-03-05T23:59:59.999Z"
"2023-02-20T00:00:00.000Z","2023-02-26T23:59:59.999Z","2023-02-20T10:14:00.000Z","2023-02-25T21:22:00.000Z","2781",0.4001506953,0.4092297512,0.3538803996,0.368973217,2324687102.22,12788186746.66,"2023-02-26T23:59:59.999Z"
"2023-02-13T00:00:00.000Z","2023-02-19T23:59:59.999Z","2023-02-16T00:19:00.000Z","2023-02-13T17:57:00.000Z","2781",0.3642918521,0.4191821373,0.3468963828,0.4001071597,2941384449.9,13862380128.16,"2023-02-19T23:59:59.999Z"
"2023-02-06T00:00:00.000Z","2023-02-12T23:59:59.999Z","2023-02-06T00:51:00.000Z","2023-02-10T05:34:00.000Z","2781",0.3924766585,0.4024192575,0.3557877081,0.3642964007,2381356536.52,12614472191.82,"2023-02-12T23:59:59.999Z"
"2023-01-30T00:00:00.000Z","2023-02-05T23:59:59.999Z","2023-02-02T18:49:00.000Z","2023-01-30T22:43:00.000Z","2781",0.3966723524,0.4129291994,0.3685889401,0.3924720225,2889741355.6,13583144197.67,"2023-02-05T23:59:59.999Z"
"2023-01-23T00:00:00.000Z","2023-01-29T23:59:59.999Z","2023-01-29T23:18:00.000Z","2023-01-25T01:31:00.000Z","2781",0.3765906987,0.3986752476,0.3484078702,0.3963126949,2830306791.31,13709953818.39,"2023-01-29T23:59:59.999Z"
"2023-01-16T00:00:00.000Z","2023-01-22T23:59:59.999Z","2023-01-22T18:26:00.000Z","2023-01-19T00:01:00.000Z","2781",0.35041761,0.3855289364,0.3267449343,0.376594055,2988200908.42,13019719665.75,"2023-01-22T23:59:59.999Z"
"2023-01-09T00:00:00.000Z","2023-01-15T23:59:59.999Z","2023-01-14T07:04:00.000Z","2023-01-09T00:00:00.000Z","2781",0.2954140975,0.3690379204,0.2954140975,0.3503679456,3664787969.66,12105718917.41,"2023-01-15T23:59:59.999Z"
"2023-01-02T00:00:00.000Z","2023-01-08T23:59:59.999Z","2023-01-08T23:59:00.000Z","2023-01-02T01:19:00.000Z","2781",0.249777627,0.2952176578,0.2473681501,0.2952176578,1662470376.91,10191504760.03,"2023-01-08T23:59:59.999Z"
"2022-12-26T00:00:00.000Z","2023-01-01T23:59:59.999Z","2022-12-27T00:04:00.000Z","2022-12-30T07:34:00.000Z","2781",0.259292718,0.2659693125,0.2403503581,0.2497706003,1157340507.87,8621727158.33,"2023-01-01T23:59:59.999Z"
"2022-12-19T00:00:00.000Z","2022-12-25T23:59:59.999Z","2022-12-19T01:29:00.000Z","2022-12-22T15:07:00.000Z","2781",0.2663475782,0.269289474,0.2481763533,0.2592699934,1178712150.97,8945785641.41,"2022-12-25T23:59:59.999Z"
"2022-12-12T00:00:00.000Z","2022-12-18T23:59:59.999Z","2022-12-13T14:23:00.000Z","2022-12-17T02:31:00.000Z","2781",0.307699356,0.3180481894,0.2602722265,0.2663354657,2149196649.19,9184444798.51,"2022-12-18T23:59:59.999Z"
"2022-12-05T00:00:00.000Z","2022-12-11T23:59:59.999Z","2022-12-05T08:28:00.000Z","2022-12-11T22:43:00.000Z","2781",0.3227092921,0.3287563881,0.3067424516,0.3077110321,1129208850.91,10607356053.67,"2022-12-11T23:59:59.999Z"
"2022-11-28T00:00:00.000Z","2022-12-04T23:59:59.999Z","2022-12-03T16:07:00.000Z","2022-11-28T02:05:00.000Z","2781",0.3124642898,0.3255948041,0.3014042501,0.3227496906,1523671200.46,11119224610.72,"2022-12-04T23:59:59.999Z"
"2022-11-21T00:00:00.000Z","2022-11-27T23:59:59.999Z","2022-11-26T14:44:00.000Z","2022-11-21T19:47:00.000Z","2781",0.3122995839,0.3218971668,0.2972875197,0.3124539832,1833080170.91,10759011469.76,"2022-11-27T23:59:59.999Z"
"2022-11-14T00:00:00.000Z","2022-11-20T23:59:59.999Z","2022-11-15T15:46:00.000Z","2022-11-20T22:05:00.000Z","2781",0.3301227756,0.3441289986,0.3110793092,0.3123071133,1939952308.67,10750077836.15,"2022-11-20T23:59:59.999Z"
"2022-11-07T00:00:00.000Z","2022-11-13T23:59:59.999Z","2022-11-07T20:31:00.000Z","2022-11-09T23:29:00.000Z","2781",0.4029656648,0.4157428066,0.3123775475,0.330126986,6165722336.33,11355096055.39,"2022-11-13T23:59:59.999Z"
"2022-10-31T00:00:00.000Z","2022-11-06T23:59:59.999Z","2022-11-05T16:59:00.000Z","2022-11-02T20:26:00.000Z","2781",0.4060300892,0.4362142615,0.3822958606,0.4030048688,4316111654.43,13840734879.52,"2022-11-06T23:59:59.999Z"
"2022-10-24T00:00:00.000Z","2022-10-30T23:59:59.999Z","2022-10-29T16:35:00.000Z","2022-10-24T14:28:00.000Z","2781",0.3620961477,0.4357291651,0.3543838338,0.4060473424,5137349474.15,13936754372.34,"2022-10-30T23:59:59.999Z"
"2022-10-17T00:00:00.000Z","2022-10-23T23:59:59.999Z","2022-10-17T13:43:00.000Z","2022-10-21T12:25:00.000Z","2781",0.3702710709,0.3753282943,0.330993548,0.3620990253,2977273836.59,12421822428.42,"2022-10-23T23:59:59.999Z"
"2022-10-10T00:00:00.000Z","2022-10-16T23:59:59.999Z","2022-10-10T01:11:00.000Z","2022-10-13T10:38:00.000Z","2781",0.4230540546,0.4262648368,0.3511691669,0.3702812154,3949577765.32,12696667787.85,"2022-10-16T23:59:59.999Z"
"2022-10-03T00:00:00.000Z","2022-10-09T23:59:59.999Z","2022-10-04T21:08:00.000Z","2022-10-03T00:08:00.000Z","2781",0.419643665,0.4372204634,0.4180973188,0.4230721792,2758252775.92,14497057762.6,"2022-10-09T23:59:59.999Z"
"2022-09-26T00:00:00.000Z","2022-10-02T23:59:59.999Z","2022-09-27T07:26:00.000Z","2022-10-02T23:40:00.000Z","2781",0.446298836,0.4624943749,0.4189656898,0.4196325876,3751153751.57,14373740433.12,"2022-10-02T23:59:59.999Z"
"2022-09-19T00:00:00.000Z","2022-09-25T23:59:59.999Z","2022-09-23T03:58:00.000Z","2022-09-21T22:20:00.000Z","2781",0.4472834764,0.47910806,0.4325460406,0.4461877059,5443704269.66,15273923717.71,"2022-09-25T23:59:59.999Z"
"2022-09-12T00:00:00.000Z","2022-09-18T23:59:59.999Z","2022-09-12T14:22:00.000Z","2022-09-18T22:32:00.000Z","2781",0.5097513177,0.5188616138,0.444654669,0.4471861262,5032173175.92,15285735911.44,"2022-09-18T23:59:59.999Z"
"2022-09-05T00:00:00.000Z","2022-09-11T23:59:59.999Z","2022-09-10T03:29:00.000Z","2022-09-07T02:59:00.000Z","2781",0.5031675062,0.5234930684,0.4554770911,0.5097522381,5529302246.37,17424373509.97,"2022-09-11T23:59:59.999Z"
"2022-08-29T00:00:00.000Z","2022-09-04T23:59:59.999Z","2022-09-04T12:03:00.000Z","2022-08-29T00:12:00.000Z","2781",0.4300701505,0.5058283154,0.4276824739,0.5030839715,4544785446.68,17196438526.17,"2022-09-04T23:59:59.999Z"
"2022-08-22T00:00:00.000Z","2022-08-28T23:59:59.999Z","2022-08-26T08:11:00.000Z","2022-08-27T05:45:00.000Z","2781",0.4635358268,0.4816394258,0.4280770063,0.4300491962,4856720918.78,14515263479.98,"2022-08-28T23:59:59.999Z"
"2022-08-15T00:00:00.000Z","2022-08-21T23:59:59.999Z","2022-08-15T03:19:00.000Z","2022-08-20T19:15:00.000Z","2781",0.5703856399,0.5810095608,0.4388695505,0.4635464265,5992003972.24,15730006876.07,"2022-08-21T23:59:59.999Z"
"2022-08-08T00:00:00.000Z","2022-08-14T23:59:59.999Z","2022-08-14T03:16:00.000Z","2022-08-10T00:50:00.000Z","2781",0.5274884578,0.5938981019,0.5040606671,0.5703429036,5703774598.1,19354043699.41,"2022-08-14T23:59:59.999Z"
"2022-08-01T00:00:00.000Z","2022-08-07T23:59:59.999Z","2022-08-07T21:14:00.000Z","2022-08-02T09:34:00.000Z","2781",0.5170513017,0.5366635505,0.4902210605,0.5274701218,3814498743.89,17796329481.18,"2022-08-07T23:59:59.999Z"
"2022-07-25T00:00:00.000Z","2022-07-31T23:59:59.999Z","2022-07-30T14:14:00.000Z","2022-07-26T16:01:00.000Z","2781",0.513762834,0.5512183699,0.4521054029,0.5170200768,7737862054.48,17544584313.12,"2022-07-31T23:59:59.999Z"
"2022-07-18T00:00:00.000Z","2022-07-24T23:59:59.999Z","2022-07-20T07:38:00.000Z","2022-07-18T00:57:00.000Z","2781",0.4474149481,0.5459995416,0.4463828405,0.5138142593,8092798919.55,17335593946.09,"2022-07-24T23:59:59.999Z"
"2022-07-11T00:00:00.000Z","2022-07-17T23:59:59.999Z","2022-07-17T07:13:00.000Z","2022-07-13T13:34:00.000Z","2781",0.4631805517,0.4650608871,0.4064369506,0.4473528099,5372800546.99,15093249211.09,"2022-07-17T23:59:59.999Z"
"2022-07-04T00:00:00.000Z","2022-07-10T23:59:59.999Z","2022-07-08T01:31:00.000Z","2022-07-04T03:13:00.000Z","2781",0.455612404,0.4909167522,0.4453005139,0.4632202973,4923358019.1,15718939989.62,"2022-07-10T23:59:59.999Z"
"2022-06-27T00:00:00.000Z","2022-07-03T23:59:59.999Z","2022-06-27T10:04:00.000Z","2022-06-30T14:13:00.000Z","2781",0.4895580741,0.507614716,0.4361847199,0.4555867955,4839007272.69,15377222959.96,"2022-07-03T23:59:59.999Z"
"2022-06-20T00:00:00.000Z","2022-06-26T23:59:59.999Z","2022-06-26T12:14:00.000Z","2022-06-22T23:51:00.000Z","2781",0.4844033914,0.5240373397,0.4579433582,0.4896529753,6083897476.31,16527043912.83,"2022-06-26T23:59:59.999Z"
"2022-06-13T00:00:00.000Z","2022-06-19T23:59:59.999Z","2022-06-16T00:10:00.000Z","2022-06-18T20:13:00.000Z","2781",0.4961004139,0.5440172,0.4234193804,0.4843638692,11491286181.81,16341966396.16,"2022-06-19T23:59:59.999Z"
"2022-06-06T00:00:00.000Z","2022-06-12T23:59:59.999Z","2022-06-08T16:16:00.000Z","2022-06-12T23:59:00.000Z","2781",0.5672068785,0.666099408,0.4968607662,0.4968607662,9548252205.27,16770325342.17,"2022-06-12T23:59:59.999Z"
"2022-05-30T00:00:00.000Z","2022-06-05T23:59:59.999Z","2022-05-31T08:37:00.000Z","2022-05-30T01:01:00.000Z","2781",0.4811341998,0.6823129402,0.478083222,0.5670895745,9064011499.48,19133051325.98,"2022-06-05T23:59:59.999Z"
"2022-05-23T00:00:00.000Z","2022-05-29T23:59:59.999Z","2022-05-23T16:25:00.000Z","2022-05-27T18:47:00.000Z","2781",0.5424835682,0.5578048033,0.4473674773,0.4811258708,4745242199.85,16271803266.11,"2022-05-29T23:59:59.999Z"
"2022-05-16T00:00:00.000Z","2022-05-22T23:59:59.999Z","2022-05-16T01:08:00.000Z","2022-05-19T02:19:00.000Z","2781",0.5975688127,0.6084653433,0.4956114429,0.5426177748,5740272117.21,18307396577.87,"2022-05-22T23:59:59.999Z"
"2022-05-09T00:00:00.000Z","2022-05-15T23:59:59.999Z","2022-05-09T00:47:00.000Z","2022-05-12T07:19:00.000Z","2781",0.7395091069,0.7532327056,0.4065292175,0.5974998747,14384797002.74,20167153400.06,"2022-05-15T23:59:59.999Z"
"2022-05-02T00:00:00.000Z","2022-05-08T23:59:59.999Z","2022-05-05T00:31:00.000Z","2022-05-08T17:11:00.000Z","2781",0.7902788765,0.9041106107,0.7292718626,0.7395626751,7972096946.25,25012203839.59,"2022-05-08T23:59:59.999Z"
"2022-04-25T00:00:00.000Z","2022-05-01T23:59:59.999Z","2022-04-25T22:49:00.000Z","2022-04-30T23:13:00.000Z","2781",0.8863779311,0.9017069494,0.7423586054,0.7903444974,6594835426.68,26676154076.98,"2022-05-01T23:59:59.999Z"
"2022-04-18T00:00:00.000Z","2022-04-24T23:59:59.999Z","2022-04-20T12:29:00.000Z","2022-04-18T07:54:00.000Z","2781",0.9175094765,0.9747347451,0.8777364225,0.8863496679,5243204887.97,29916574843.13,"2022-04-24T23:59:59.999Z"
"2022-04-11T00:00:00.000Z","2022-04-17T23:59:59.999Z","2022-04-11T00:00:00.000Z","2022-04-17T23:49:00.000Z","2781",1.0306713327,1.0306713327,0.9153457532,0.9174663394,5649648217.34,30966833579.45,"2022-04-17T23:59:59.999Z"
"2022-04-04T00:00:00.000Z","2022-04-10T23:59:59.999Z","2022-04-04T14:34:00.000Z","2022-04-08T23:45:00.000Z","2781",1.1857995528,1.2403576409,1.0213701457,1.030885224,8679226022.72,34795020604.41,"2022-04-10T23:59:59.999Z"
"2022-03-28T00:00:00.000Z","2022-04-03T23:59:59.999Z","2022-03-28T13:22:00.000Z","2022-04-01T02:58:00.000Z","2781",1.1823335455,1.2428650163,1.1076194472,1.1859412621,11124828551.76,40012506060.12,"2022-04-03T23:59:59.999Z"
"2022-03-21T00:00:00.000Z","2022-03-27T23:59:59.999Z","2022-03-24T17:23:00.000Z","2022-03-21T02:41:00.000Z","2781",0.8772006812,1.1857514564,0.8659193672,1.1821480933,15014000925.94,39869330421.37,"2022-03-27T23:59:59.999Z"
"2022-03-14T00:00:00.000Z","2022-03-20T23:59:59.999Z","2022-03-20T06:26:00.000Z","2022-03-14T00:16:00.000Z","2781",0.7904115035,0.9146030588,0.7819079626,0.8770920204,6746218197,29569834894.15,"2022-03-20T23:59:59.999Z"
"2022-03-07T00:00:00.000Z","2022-03-13T23:59:59.999Z","2022-03-09T16:38:00.000Z","2022-03-13T12:28:00.000Z","2781",0.8237378754,0.8614306664,0.7832507347,0.7909948329,5938743072.37,26646535268.34,"2022-03-13T23:59:59.999Z"
"2022-02-28T00:00:00.000Z","2022-03-06T23:59:59.999Z","2022-03-01T14:22:00.000Z","2022-03-06T23:49:00.000Z","2781",0.8578699969,1.0054025595,0.8230041538,0.8237516357,8326942625.17,27739380365.39,"2022-03-06T23:59:59.999Z"
"2022-02-21T00:00:00.000Z","2022-02-27T23:59:59.999Z","2022-02-21T04:56:00.000Z","2022-02-24T07:37:00.000Z","2781",0.9324517843,0.986247044,0.7528096164,0.8583346845,13615864039.85,28881334293.5,"2022-02-27T23:59:59.999Z"
"2022-02-14T00:00:00.000Z","2022-02-20T23:59:59.999Z","2022-02-15T23:47:00.000Z","2022-02-20T14:22:00.000Z","2781",1.0454687879,1.1133661456,0.9232954711,0.9329017554,8576367744.65,31370229673.31,"2022-02-20T23:59:59.999Z"
"2022-02-07T00:00:00.000Z","2022-02-13T23:59:59.999Z","2022-02-08T06:20:00.000Z","2022-02-12T14:43:00.000Z","2781",1.1443557302,1.2578164892,1.0347173564,1.045819499,11287355844.22,35153676037.03,"2022-02-13T23:59:59.999Z"
"2022-01-31T00:00:00.000Z","2022-02-06T23:59:59.999Z","2022-02-05T06:16:00.000Z","2022-01-31T02:07:00.000Z","2781",1.0376151936,1.1728848936,1.0120464888,1.144547135,7470129633.25,38433324420.15,"2022-02-06T23:59:59.999Z"
"2022-01-24T00:00:00.000Z","2022-01-30T23:59:59.999Z","2022-01-26T19:13:00.000Z","2022-01-24T12:49:00.000Z","2781",1.1227819755,1.1496481362,0.9591235629,1.0374731929,11828965409.71,34824144096.38,"2022-01-30T23:59:59.999Z"
"2022-01-17T00:00:00.000Z","2022-01-23T23:59:59.999Z","2022-01-18T02:13:00.000Z","2022-01-22T10:19:00.000Z","2781",1.4082101202,1.6312981674,0.9333970762,1.1223714179,23865262934.8,37644141351.38,"2022-01-23T23:59:59.999Z"
"2022-01-10T00:00:00.000Z","2022-01-16T23:59:59.999Z","2022-01-16T14:40:00.000Z","2022-01-10T14:37:00.000Z","2781",1.1737859413,1.4206412013,1.0801534802,1.4072506972,11505723779.32,47180439513.25,"2022-01-16T23:59:59.999Z"
"2022-01-03T00:00:00.000Z","2022-01-09T23:59:59.999Z","2022-01-03T00:00:00.000Z","2022-01-08T19:25:00.000Z","2781",1.3775988655,1.3775988655,1.138116116,1.1738603173,9285853552.7,39340035970.12,"2022-01-09T23:59:59.999Z"
"2021-12-27T00:00:00.000Z","2022-01-02T23:59:59.999Z","2021-12-27T10:44:13.000Z","2021-12-31T20:01:00.000Z","2781",1.4558378056,1.5907281602,1.2873654798,1.3775835526,9817608184.63,46129061735.77,"2022-01-02T23:59:59.999Z"
"2021-12-20T00:00:00.000Z","2021-12-26T23:59:59.999Z","2021-12-24T01:57:35.000Z","2021-12-20T14:14:14.000Z","2781",1.2434374359,1.4903470788,1.2027157589,1.4560449913,9566715975.81,48735884302.67,"2021-12-26T23:59:59.999Z"
"2021-12-13T00:00:00.000Z","2021-12-19T23:59:59.999Z","2021-12-13T00:16:12.000Z","2021-12-17T14:46:13.000Z","2781",1.347894749,1.35777338,1.1878811969,1.2446610654,9626689649.97,42517012629.68,"2021-12-19T23:59:59.999Z"
"2021-12-06T00:00:00.000Z","2021-12-12T23:59:59.999Z","2021-12-07T08:47:12.000Z","2021-12-11T00:21:25.000Z","2781",1.3791887361,1.4775479938,1.195143132,1.3472817035,13175634464.81,45038273235.45,"2021-12-12T23:59:59.999Z"
"2021-11-29T00:00:00.000Z","2021-12-05T23:59:59.999Z","2021-12-02T18:56:09.000Z","2021-12-04T05:28:11.000Z","2781",1.5945006371,1.7568632893,1.2051237294,1.3781046813,18784259739.12,45909141522.15,"2021-12-05T23:59:59.999Z"
"2021-11-22T00:00:00.000Z","2021-11-28T23:59:59.999Z","2021-11-22T00:01:11.000Z","2021-11-28T18:43:10.000Z","2781",1.838291216,1.8398109905,1.4336180259,1.5928546368,15210745795.8,53063159815.76,"2021-11-28T23:59:59.999Z"
"2021-11-15T00:00:00.000Z","2021-11-21T23:59:59.999Z","2021-11-15T10:40:10.000Z","2021-11-18T17:12:23.000Z","2781",2.041247992,2.0946820921,1.7108644241,1.839763067,14976749274.19,61288481315.92,"2021-11-21T23:59:59.999Z"
"2021-11-08T00:00:00.000Z","2021-11-14T23:59:59.999Z","2021-11-09T14:39:23.000Z","2021-11-10T21:25:11.000Z","2781",2.0219459105,2.3759138662,1.9446021786,2.040852815,26916301454.51,67957824618.31,"2021-11-14T23:59:59.999Z"
"2021-11-01T00:00:00.000Z","2021-11-07T23:59:59.999Z","2021-11-03T11:40:10.000Z","2021-11-01T04:07:09.000Z","2781",1.9649620751,2.1446257276,1.9179599131,2.0218720135,19163054712.36,67297292605.34,"2021-11-07T23:59:59.999Z"
"2021-10-25T00:00:00.000Z","2021-10-31T23:59:59.999Z","2021-10-26T05:26:09.000Z","2021-10-27T08:10:10.000Z","2781",2.1198009591,2.1995886341,1.8334204153,1.9650257587,22398856361.71,65378981994.98,"2021-10-31T23:59:59.999Z"
"2021-10-18T00:00:00.000Z","2021-10-24T23:59:59.999Z","2021-10-21T11:33:32.000Z","2021-10-20T04:06:19.000Z","2781",2.157832623,2.2964101871,2.0951135264,2.1234351979,19746762173.43,69870632222.33,"2021-10-24T23:59:59.999Z"
"2021-10-11T00:00:00.000Z","2021-10-17T23:59:59.999Z","2021-10-11T08:16:10.000Z","2021-10-12T12:56:09.000Z","2781",2.1919067051,2.2493553622,2.0755835972,2.1569626121,18994169343.92,70962068078.22,"2021-10-17T23:59:59.999Z"
"2021-10-04T00:00:00.000Z","2021-10-10T23:59:59.999Z","2021-10-07T09:02:10.000Z","2021-10-06T09:32:10.000Z","2781",2.2518476966,2.3696563174,2.1168758408,2.1972137468,16290931966.04,70394554935.85,"2021-10-10T23:59:59.999Z"
"2021-09-27T00:00:00.000Z","2021-10-03T23:59:59.999Z","2021-10-02T16:56:10.000Z","2021-09-29T20:18:26.000Z","2781",2.2120382037,2.3204160886,2.023026756,2.2528730014,20052728046.49,72177771731.77,"2021-10-03T23:59:59.999Z"
"2021-09-20T00:00:00.000Z","2021-09-26T23:59:59.999Z","2021-09-25T15:35:10.000Z","2021-09-21T21:20:13.000Z","2781",2.2834384878,2.4581077374,1.9232798186,2.2084949749,36627952633.41,70755984056.52,"2021-09-26T23:59:59.999Z"
"2021-09-13T00:00:00.000Z","2021-09-19T23:59:59.999Z","2021-09-13T00:09:19.000Z","2021-09-19T22:48:18.000Z","2781",2.58277843,2.59028125,2.2654145795,2.2822987606,24450147350.59,73092414722.9,"2021-09-19T23:59:59.999Z"
"2021-09-06T00:00:00.000Z","2021-09-12T23:59:59.999Z","2021-09-06T00:15:18.000Z","2021-09-07T15:10:09.000Z","2781",2.91158093,2.92623033,2.04095272,2.58172675,53302791565.47,82681831819.46,"2021-09-12T23:59:59.999Z"
"2021-08-30T00:00:00.000Z","2021-09-05T23:59:59.999Z","2021-09-02T06:34:46.000Z","2021-08-31T00:32:46.000Z","2781",2.85074092,3.09918625,2.70647255,2.91082444,36515633913.55,93187277515.34,"2021-09-05T23:59:59.999Z"
"2021-08-23T00:00:00.000Z","2021-08-29T23:59:59.999Z","2021-08-23T22:45:19.000Z","2021-08-26T19:18:44.000Z","2781",2.70861642,2.96739806,2.4737662,2.85598606,51504035841.13,91806666152.89,"2021-08-29T23:59:59.999Z"
"2021-08-16T00:00:00.000Z","2021-08-22T23:59:59.999Z","2021-08-22T23:58:11.000Z","2021-08-18T01:15:14.000Z","2781",2.16786831,2.71861169,1.88767457,2.71372495,41308968435.9,87185854706.52,"2021-08-22T23:59:59.999Z"
"2021-08-09T00:00:00.000Z","2021-08-15T23:59:59.999Z","2021-08-14T09:48:08.000Z","2021-08-09T01:15:16.000Z","2781",1.42661712,2.25036028,1.39443639,2.16915344,38607766518.63,69656279630.58,"2021-08-15T23:59:59.999Z"
"2021-08-02T00:00:00.000Z","2021-08-08T23:59:59.999Z","2021-08-08T07:13:09.000Z","2021-08-03T05:05:13.000Z","2781",1.31577032,1.49427315,1.26318907,1.42782998,16835458646.94,45828707112.82,"2021-08-08T23:59:59.999Z"
"2021-07-26T00:00:00.000Z","2021-08-01T23:59:59.999Z","2021-07-26T06:26:08.000Z","2021-07-27T03:05:08.000Z","2781",1.22872153,1.39901054,1.21535975,1.3177302,16011638185.51,42274401646.46,"2021-08-01T23:59:59.999Z"
"2021-07-19T00:00:00.000Z","2021-07-25T23:59:59.999Z","2021-07-24T17:24:15.000Z","2021-07-20T10:54:09.000Z","2781",1.18199935,1.24797343,1.02143322,1.22850144,9893181567.73,39362500129.5,"2021-07-25T23:59:59.999Z"
"2021-07-12T00:00:00.000Z","2021-07-18T23:59:59.999Z","2021-07-12T06:47:09.000Z","2021-07-17T02:26:07.000Z","2781",1.34826366,1.37309059,1.15265459,1.18369795,10195360906.97,37926948421.57,"2021-07-18T23:59:59.999Z"
"2021-07-05T00:00:00.000Z","2021-07-11T23:59:59.999Z","2021-07-05T00:00:20.000Z","2021-07-09T01:13:16.000Z","2781",1.4612214,1.4612214,1.28859707,1.34814514,9706456963.69,43068287170.48,"2021-07-11T23:59:59.999Z"
"2021-06-28T00:00:00.000Z","2021-07-04T23:59:59.999Z","2021-07-04T21:58:14.000Z","2021-07-02T06:42:20.000Z","2781",1.33711369,1.49371694,1.28660673,1.4581844,15469379464.55,46583637655.57,"2021-07-04T23:59:59.999Z"
"2021-06-21T00:00:00.000Z","2021-06-27T23:59:59.999Z","2021-06-21T00:03:09.000Z","2021-06-22T13:56:09.000Z","2781",1.42702834,1.43625658,1.00298498,1.33520171,28204320803.04,42654792252.72,"2021-06-27T23:59:59.999Z"
"2021-06-14T00:00:00.000Z","2021-06-20T23:59:59.999Z","2021-06-15T08:25:10.000Z","2021-06-20T12:27:09.000Z","2781",1.55701896,1.61140103,1.3089513,1.42918763,15245702029.35,45657297092.32,"2021-06-20T23:59:59.999Z"
"2021-06-07T00:00:00.000Z","2021-06-13T23:59:59.999Z","2021-06-07T03:24:16.000Z","2021-06-12T04:59:11.000Z","2781",1.67722582,1.7405692,1.35817872,1.55835861,20944449322.43,49783857547.2,"2021-06-13T23:59:59.999Z"
"2021-05-31T00:00:00.000Z","2021-06-06T23:59:59.999Z","2021-06-03T10:18:11.000Z","2021-05-31T03:11:14.000Z","2781",1.57564378,1.88865007,1.52720867,1.67824828,24812938105.51,53617195304.14,"2021-06-06T23:59:59.999Z"
"2021-05-24T00:00:00.000Z","2021-05-30T23:59:59.999Z","2021-05-26T12:25:13.000Z","2021-05-24T01:15:09.000Z","2781",1.31623649,1.83243286,1.27036111,1.57727861,38245152482.7,50391384963.26,"2021-05-30T23:59:59.999Z"
"2021-05-17T00:00:00.000Z","2021-05-23T23:59:59.999Z","2021-05-17T00:02:11.000Z","2021-05-19T12:55:09.000Z","2781",2.30018996,2.32500223,1.02803063,1.32543642,71022869613.53,42345452943.91,"2021-05-23T23:59:59.999Z"
"2021-05-10T00:00:00.000Z","2021-05-16T23:59:59.999Z","2021-05-16T07:30:17.000Z","2021-05-13T00:04:06.000Z","2781",1.76606784,2.46176633,1.50532076,2.30911258,67440005357.41,73772243227.06,"2021-05-16T23:59:59.999Z"
"2021-05-03T00:00:00.000Z","2021-05-09T23:59:59.999Z","2021-05-09T17:04:08.000Z","2021-05-04T16:52:07.000Z","2781",1.32693838,1.82979526,1.25892881,1.77056202,40566469391.41,56566463236.91,"2021-05-09T23:59:59.999Z"
"2021-04-26T00:00:00.000Z","2021-05-02T23:59:59.999Z","2021-04-29T10:36:18.000Z","2021-04-26T00:05:11.000Z","2781",1.09018604,1.41033124,1.08210487,1.32681236,19881803394.34,42389411930.29,"2021-05-02T23:59:59.999Z"
"2021-04-19T00:00:00.000Z","2021-04-25T23:59:59.999Z","2021-04-19T03:52:10.000Z","2021-04-23T02:26:11.000Z","2781",1.27800509,1.32238744,0.93522749,1.08825032,32521907185.89,34767757835.28,"2021-04-25T23:59:59.999Z"
"2021-04-12T00:00:00.000Z","2021-04-18T23:59:59.999Z","2021-04-14T08:40:14.000Z","2021-04-18T03:39:17.000Z","2781",1.2662062,1.55776092,1.09897684,1.27550088,42953139938.85,40750096835.5,"2021-04-18T23:59:59.999Z"
"2021-04-05T00:00:00.000Z","2021-04-11T23:59:59.999Z","2021-04-06T13:47:10.000Z","2021-04-07T11:34:10.000Z","2781",1.19155169,1.34089511,1.16511802,1.26673468,24178195537.29,40470031448.37,"2021-04-11T23:59:59.999Z"
"2021-03-29T00:00:00.000Z","2021-04-04T23:59:59.999Z","2021-04-02T07:46:10.000Z","2021-04-04T00:04:10.000Z","2781",1.19097602,1.2459149,1.16627881,1.19141987,19003504458.98,38063850600.59,"2021-04-04T23:59:59.999Z"
"2021-03-22T00:00:00.000Z","2021-03-28T23:59:59.999Z","2021-03-26T11:47:09.000Z","2021-03-25T02:17:09.000Z","2781",1.18920345,1.27907594,1.05594527,1.19112378,29989136927.92,38054391213,"2021-03-28T23:59:59.999Z"
"2021-03-15T00:00:00.000Z","2021-03-21T23:59:59.999Z","2021-03-18T11:11:19.000Z","2021-03-16T01:09:16.000Z","2781",1.05860144,1.47315504,1.00430824,1.18914019,51839112698.41,37991018691.38,"2021-03-21T23:59:59.999Z"
"2021-03-08T00:00:00.000Z","2021-03-14T23:59:59.999Z","2021-03-09T10:49:11.000Z","2021-03-13T01:28:12.000Z","2781",1.1329391,1.21492309,0.99305206,1.05915359,30557864325.31,33838166627.23,"2021-03-14T23:59:59.999Z"
"2021-03-01T00:00:00.000Z","2021-03-07T23:59:59.999Z","2021-03-01T16:17:11.000Z","2021-03-05T01:00:17.000Z","2781",1.30979157,1.34240816,1.04115607,1.13336664,46873178453.75,36209148044.42,"2021-03-07T23:59:59.999Z"
"2021-02-22T00:00:00.000Z","2021-02-28T23:59:59.999Z","2021-02-27T09:38:11.000Z","2021-02-23T09:13:09.000Z","2781",1.10040584,1.47665292,0.82414457,1.30805905,88252251025.03,40696967234.71,"2021-02-28T23:59:59.999Z"
"2021-02-15T00:00:00.000Z","2021-02-21T23:59:59.999Z","2021-02-20T22:29:09.000Z","2021-02-15T02:37:10.000Z","2781",0.84782517,1.19395762,0.71711498,1.10051956,49768499564.16,34239897894.76,"2021-02-21T23:59:59.999Z"
"2021-02-08T00:00:00.000Z","2021-02-14T23:59:59.999Z","2021-02-11T16:59:10.000Z","2021-02-08T02:55:11.000Z","2781",0.66238029,0.97332513,0.63428313,0.84841862,60964105222.96,26396411404.87,"2021-02-14T23:59:59.999Z"
"2021-02-01T00:00:00.000Z","2021-02-07T23:59:59.999Z","2021-02-07T10:16:10.000Z","2021-02-01T00:35:08.000Z","2781",0.34481717,0.70253932,0.3341943,0.66323787,43714816180.78,20634977898.63,"2021-02-07T23:59:59.999Z"
"2021-01-25T00:00:00.000Z","2021-01-31T23:59:59.999Z","2021-01-31T00:40:08.000Z","2021-01-27T14:48:12.000Z","2781",0.35384997,0.37540511,0.30546089,0.34489765,96714871907.08,10730622858.43,"2021-01-31T23:59:59.999Z"
"2021-01-18T00:00:00.000Z","2021-01-24T23:59:59.999Z","2021-01-18T00:32:08.000Z","2021-01-22T00:34:08.000Z","2781",0.37973455,0.39544314,0.28357619,0.35388104,22674159878.88,11010118426.56,"2021-01-24T23:59:59.999Z"
"2021-01-11T00:00:00.000Z","2021-01-17T23:59:59.999Z","2021-01-17T22:40:13.000Z","2021-01-11T16:47:09.000Z","2781",0.30499593,0.39565268,0.23303294,0.37985223,27415450602.8,11818146766.17,"2021-01-17T23:59:59.999Z"
"2021-01-04T00:00:00.000Z","2021-01-10T23:59:59.999Z","2021-01-07T01:13:08.000Z","2021-01-04T10:19:08.000Z","2781",0.20523603,0.35334429,0.19444992,0.3048953,30627294563.69,9486050469.16,"2021-01-10T23:59:59.999Z"
"2020-12-28T00:00:00.000Z","2021-01-03T23:59:59.999Z","2021-01-03T23:46:08.000Z","2020-12-28T00:05:08.000Z","2781",0.15444045,0.20867883,0.15344508,0.20499536,12516446877.11,6377915101.92,"2021-01-03T23:59:59.999Z"
"2020-12-21T00:00:00.000Z","2020-12-27T23:59:59.999Z","2020-12-25T11:59:09.000Z","2020-12-23T22:25:16.000Z","2781",0.16200409,0.16684572,0.1274195,0.15442203,9123292223.13,4804453143.57,"2020-12-27T23:59:59.999Z"
"2020-12-14T00:00:00.000Z","2020-12-20T23:59:59.999Z","2020-12-17T16:44:09.000Z","2020-12-14T13:25:12.000Z","2781",0.15401608,0.17434199,0.14976939,0.16198846,5776585094.45,5039863586.82,"2020-12-20T23:59:59.999Z"
"2020-12-07T00:00:00.000Z","2020-12-13T23:59:59.999Z","2020-12-07T00:10:09.000Z","2020-12-09T08:38:09.000Z","2781",0.15887638,0.15904138,0.1304675,0.1539642,5747555286.01,4790208946.25,"2020-12-13T23:59:59.999Z"
"2020-11-30T00:00:00.000Z","2020-12-06T23:59:59.999Z","2020-12-01T00:04:09.000Z","2020-12-01T12:31:09.000Z","2781",0.16663002,0.17385118,0.14657261,0.15886675,12153118444.46,4942739300.77,"2020-12-06T23:59:59.999Z"
"2020-11-23T00:00:00.000Z","2020-11-29T23:59:59.999Z","2020-11-24T05:40:11.000Z","2020-11-26T03:35:10.000Z","2781",0.1447603,0.18206603,0.12343896,0.16663903,14235411516.23,5184554213.27,"2020-11-29T23:59:59.999Z"
"2020-11-16T00:00:00.000Z","2020-11-22T23:59:59.999Z","2020-11-22T21:48:13.000Z","2020-11-16T00:25:07.000Z","2781",0.10053113,0.15273467,0.09965595,0.14476017,6674071316.24,4503848489.46,"2020-11-22T23:59:59.999Z"
"2020-11-09T00:00:00.000Z","2020-11-15T23:59:59.999Z","2020-11-10T08:54:07.000Z","2020-11-15T22:27:07.000Z","2781",0.10662111,0.10862109,0.0988013,0.10053113,4037502796.33,3127773189.4,"2020-11-15T23:59:59.999Z"
"2020-11-02T00:00:00.000Z","2020-11-08T23:59:59.999Z","2020-11-07T11:37:09.000Z","2020-11-03T04:34:08.000Z","2781",0.0981968,0.11318746,0.08804785,0.10662103,5478978964.46,3317245142.79,"2020-11-08T23:59:59.999Z"
"2020-10-26T00:00:00.000Z","2020-11-01T23:59:59.999Z","2020-10-26T02:29:08.000Z","2020-10-30T07:27:11.000Z","2781",0.10635066,0.10738074,0.09036286,0.09819689,5681461444.87,3055149296.56,"2020-11-01T23:59:59.999Z"
"2020-10-19T00:00:00.000Z","2020-10-25T23:59:59.999Z","2020-10-22T22:25:23.000Z","2020-10-20T18:21:23.000Z","2781",0.10741554,0.11241442,0.10122615,0.10635066,5613387419.88,3308833126.53,"2020-10-25T23:59:59.999Z"
"2020-10-12T00:00:00.000Z","2020-10-18T23:59:59.999Z","2020-10-13T05:53:24.000Z","2020-10-16T09:22:27.000Z","2781",0.10654671,0.11413692,0.10253687,0.10738818,4378396608.53,3341113201.24,"2020-10-18T23:59:59.999Z"
"2020-10-05T00:00:00.000Z","2020-10-11T23:59:59.999Z","2020-10-10T17:30:23.000Z","2020-10-07T01:43:23.000Z","2781",0.09640373,0.11054037,0.08989588,0.10653755,5411268473.27,3314647790.97,"2020-10-11T23:59:59.999Z"
"2020-09-28T00:00:00.000Z","2020-10-04T23:59:59.999Z","2020-09-28T09:17:25.000Z","2020-10-02T13:32:23.000Z","2781",0.10128819,0.10645064,0.09033118,0.09634828,4951286763.4,2997634376.58,"2020-10-04T23:59:59.999Z"
"2020-09-21T00:00:00.000Z","2020-09-27T23:59:59.999Z","2020-09-27T17:39:23.000Z","2020-09-24T00:11:23.000Z","2781",0.08950695,0.1023107,0.0758858,0.10128698,4721818862.22,3151289578.86,"2020-09-27T23:59:59.999Z"
"2020-09-14T00:00:00.000Z","2020-09-20T23:59:59.999Z","2020-09-14T16:12:39.000Z","2020-09-20T16:30:23.000Z","2781",0.09509537,0.09789445,0.0880272,0.08948242,7039857367.91,2784020452.38,"2020-09-20T23:59:59.999Z"
"2020-09-07T00:00:00.000Z","2020-09-13T23:59:59.999Z","2020-09-13T05:11:44.000Z","2020-09-07T12:53:35.000Z","2781",0.09370867,0.09955736,0.08668288,0.09498492,6317897009.04,2462680651.33,"2020-09-13T23:59:59.999Z"
"2020-08-31T00:00:00.000Z","2020-09-06T23:59:59.999Z","2020-09-01T22:18:21.000Z","2020-09-06T05:17:38.000Z","2781",0.1173032,0.12776662,0.0884666,0.09367229,4770023163.67,2428648155.35,"2020-09-06T23:59:59.999Z"
"2020-08-24T00:00:00.000Z","2020-08-30T23:59:59.999Z","2020-08-24T14:01:48.000Z","2020-08-29T10:59:31.000Z","2781",0.12228508,0.12618949,0.00104729,0.11525337,3526398369.26,2988182253.74,"2020-08-30T23:59:59.999Z"
"2020-08-17T00:00:00.000Z","2020-08-23T23:59:59.999Z","2020-08-21T04:06:35.000Z","2020-08-22T01:15:14.000Z","2781",0.13816593,0.15545478,0.11854192,0.122323,4643644522.84,3171477049.42,"2020-08-23T23:59:59.999Z"
"2020-08-10T00:00:00.000Z","2020-08-16T23:59:59.999Z","2020-08-13T04:25:07.000Z","2020-08-12T07:50:10.000Z","2781",0.13570837,0.14038349,0.13079833,0.13815832,3392700885.46,3582040508.06,"2020-08-16T23:59:59.999Z"
"2020-08-03T00:00:00.000Z","2020-08-09T23:59:59.999Z","2020-08-09T02:17:07.000Z","2020-08-03T00:08:20.000Z","2781",0.1334976242,0.1520135634,0.1325957161,0.1452442692,426878183.72,3765758411.86,"2020-08-09T23:59:59.999Z"
"2020-07-27T00:00:00.000Z","2020-08-02T23:59:59.999Z","2020-07-28T23:18:03.000Z","2020-08-02T05:32:11.000Z","2781",0.1478913141,0.1502202177,0.1301836549,0.1335045918,421324884.95,3461382969.29,"2020-08-02T23:59:59.999Z"
"2020-07-20T00:00:00.000Z","2020-07-26T23:59:59.999Z","2020-07-26T07:06:06.000Z","2020-07-21T00:07:04.000Z","2781",0.123722555,0.1537045652,0.1169128028,0.1481076073,743098554.18,3839996381.14,"2020-07-26T23:59:59.999Z"
"2020-07-13T00:00:00.000Z","2020-07-19T23:59:59.999Z","2020-07-13T06:02:05.000Z","2020-07-18T02:32:14.000Z","2781",0.1267832737,0.1348294213,0.1184815905,0.1237116335,159010744.01,3207480247.17,"2020-07-19T23:59:59.999Z"
"2020-07-06T00:00:00.000Z","2020-07-12T23:59:59.999Z","2020-07-08T03:22:02.000Z","2020-07-06T00:51:07.000Z","2781",0.0982106736,0.1365537486,0.0973335682,0.1267832737,340033778.37,3287118881.4,"2020-07-12T23:59:59.999Z"
"2020-06-29T00:00:00.000Z","2020-07-05T23:59:59.999Z","2020-07-03T16:17:06.000Z","2020-06-29T00:04:06.000Z","2781",0.0803918425,0.1014827997,0.0803384894,0.0982106736,262132088.22,2546315062.67,"2020-07-05T23:59:59.999Z"
"2020-06-22T00:00:00.000Z","2020-06-28T23:59:59.999Z","2020-06-24T06:18:12.000Z","2020-06-27T19:56:05.000Z","2781",0.0784719832,0.0870105751,0.0761085794,0.0803918425,188871400.64,2084324972.04,"2020-06-28T23:59:59.999Z"
"2020-06-15T00:00:00.000Z","2020-06-21T23:59:59.999Z","2020-06-18T02:02:00.000Z","2020-06-15T06:34:12.000Z","2781",0.0767477534,0.0844549332,0.0697703665,0.0784754541,151949750.59,2034638633.77,"2020-06-21T23:59:59.999Z"
"2020-06-08T00:00:00.000Z","2020-06-14T23:59:59.999Z","2020-06-08T00:38:02.000Z","2020-06-11T23:39:14.000Z","2781",0.0867032627,0.0870127106,0.074332427,0.0767477534,142625976.72,1989844415.94,"2020-06-14T23:59:59.999Z"
"2020-06-01T00:00:00.000Z","2020-06-07T23:59:59.999Z","2020-06-04T02:13:02.000Z","2020-06-01T00:03:02.000Z","2781",0.0742439151,0.0900887241,0.0736593123,0.0866543195,317140969.92,2246692653.28,"2020-06-07T23:59:59.999Z"
"2020-05-25T00:00:00.000Z","2020-05-31T23:59:59.999Z","2020-05-31T12:08:00.000Z","2020-05-25T00:25:03.000Z","2781",0.0521877913,0.0860294599,0.051129346,0.0743519571,848945702.29,1927728436.12,"2020-05-31T23:59:59.999Z"
"2020-05-18T00:00:00.000Z","2020-05-24T23:59:59.999Z","2020-05-21T01:19:01.000Z","2020-05-21T19:02:03.000Z","2781",0.0512935632,0.0574821278,0.0505746593,0.0526414254,108565176.4,1364837948.64,"2020-05-24T23:59:59.999Z"
"2020-05-11T00:00:00.000Z","2020-05-17T23:59:59.999Z","2020-05-17T15:01:02.000Z","2020-05-11T18:24:01.000Z","2781",0.0476960752,0.0520782584,0.0454904528,0.0513433441,115459525.17,1331182502.85,"2020-05-17T23:59:59.999Z"
"2020-05-04T00:00:00.000Z","2020-05-10T23:59:59.999Z","2020-05-08T00:51:02.000Z","2020-05-10T16:58:01.000Z","2781",0.0489635642,0.053538968,0.0450029262,0.0476768235,227335947.57,1236120365.39,"2020-05-10T23:59:59.999Z"
"2020-04-27T00:00:00.000Z","2020-05-03T23:59:59.999Z","2020-04-30T06:10:02.000Z","2020-04-27T15:04:08.000Z","2781",0.045938362,0.0542570009,0.0446437304,0.0489288436,139890791.25,1268581579.91,"2020-05-03T23:59:59.999Z"
"2020-04-20T00:00:00.000Z","2020-04-26T23:59:59.999Z","2020-04-26T19:03:00.000Z","2020-04-21T12:03:00.000Z","2781",0.0358060143,0.0462237484,0.0340315975,0.0458787224,150611026.7,1189500870.64,"2020-04-26T23:59:59.999Z"
"2020-04-13T00:00:00.000Z","2020-04-19T23:59:59.999Z","2020-04-19T03:42:04.000Z","2020-04-16T00:32:06.000Z","2781",0.0337822598,0.0368378853,0.0312415105,0.0358161071,87523446.11,928606734.71,"2020-04-19T23:59:59.999Z"
"2020-04-06T00:00:00.000Z","2020-04-12T23:59:59.999Z","2020-04-07T10:53:05.000Z","2020-04-06T00:01:00.000Z","2781",0.0319991101,0.0368691573,0.0319340883,0.0338057861,73751090.46,876484999.53,"2020-04-12T23:59:59.999Z"
"2020-03-30T00:00:00.000Z","2020-04-05T23:59:59.999Z","2020-04-02T17:41:03.000Z","2020-03-30T00:24:00.000Z","2781",0.0282179045,0.0330565559,0.0281237996,0.0320027974,64845688.46,829738785.58,"2020-04-05T23:59:59.999Z"
"2020-03-23T00:00:00.000Z","2020-03-29T23:59:59.999Z","2020-03-27T04:05:00.000Z","2020-03-23T09:39:05.000Z","2781",0.0270889539,0.0312102196,0.0267530626,0.0282486376,71027468.8,732404420.32,"2020-03-29T23:59:59.999Z"
"2020-03-16T00:00:00.000Z","2020-03-22T23:59:59.999Z","2020-03-20T10:53:00.000Z","2020-03-16T10:17:03.000Z","2781",0.0271112563,0.0337018191,0.0222196156,0.0270889539,78698656.44,702337218.06,"2020-03-22T23:59:59.999Z"
"2020-03-09T00:00:00.000Z","2020-03-15T23:59:59.999Z","2020-03-09T00:09:01.000Z","2020-03-13T02:28:03.000Z","2781",0.0432310658,0.0439469681,0.0191303677,0.0271195842,67311254.16,703131371.73,"2020-03-15T23:59:59.999Z"
"2020-03-02T00:00:00.000Z","2020-03-08T23:59:59.999Z","2020-03-05T17:54:02.000Z","2020-03-08T23:52:04.000Z","2781",0.045884214,0.0523070883,0.0429810761,0.0432912431,111437013.27,1122415113.36,"2020-03-08T23:59:59.999Z"
"2020-02-24T00:00:00.000Z","2020-03-01T23:59:59.999Z","2020-02-24T00:53:02.000Z","2020-03-01T21:49:02.000Z","2781",0.0615442268,0.0616977185,0.0452618651,0.045932439,96716580.62,1190893585.98,"2020-03-01T23:59:59.999Z"
"2020-02-17T00:00:00.000Z","2020-02-23T23:59:59.999Z","2020-02-18T21:08:01.000Z","2020-02-20T16:41:08.000Z","2781",0.0625597957,0.0630375227,0.0559357647,0.0615100648,190486306.53,1594775788.42,"2020-02-23T23:59:59.999Z"
"2020-02-10T00:00:00.000Z","2020-02-16T23:59:59.999Z","2020-02-13T06:39:01.000Z","2020-02-16T16:56:03.000Z","2781",0.0618235469,0.0720704319,0.0573846387,0.0626536393,206918460.16,1624425324.75,"2020-02-16T23:59:59.999Z"
"2020-02-03T00:00:00.000Z","2020-02-09T23:59:59.999Z","2020-02-07T02:25:02.000Z","2020-02-04T09:56:03.000Z","2781",0.0557243838,0.062280341,0.0542374286,0.0618091467,137945918.71,1602530106,"2020-02-09T23:59:59.999Z"
"2020-01-27T00:00:00.000Z","2020-02-02T23:59:59.999Z","2020-02-02T11:04:02.000Z","2020-01-27T09:00:02.000Z","2781",0.0446273289,0.0584497851,0.0442297074,0.0557678266,161454526.83,1445896374.6,"2020-02-02T23:59:59.999Z"
"2020-01-20T00:00:00.000Z","2020-01-26T23:59:59.999Z","2020-01-21T11:08:02.000Z","2020-01-24T11:08:02.000Z","2781",0.0419204091,0.0465476491,0.041447516,0.0445806678,62759584.86,1155846118.73,"2020-01-26T23:59:59.999Z"
"2020-01-13T00:00:00.000Z","2020-01-19T23:59:59.999Z","2020-01-19T06:31:01.000Z","2020-01-13T16:10:02.000Z","2781",0.037696095,0.0457646946,0.0367759075,0.0419788834,91187159.2,1088389472.2,"2020-01-19T23:59:59.999Z"
"2020-01-06T00:00:00.000Z","2020-01-12T23:59:59.999Z","2020-01-08T11:02:03.000Z","2020-01-06T00:39:03.000Z","2781",0.0347509942,0.0385509821,0.0346742792,0.0376903716,56546260.44,977200921.92,"2020-01-12T23:59:59.999Z"
"2019-12-30T00:00:00.000Z","2020-01-05T23:59:59.999Z","2020-01-05T17:48:02.000Z","2020-01-02T18:09:02.000Z","2781",0.0342777065,0.0353555596,0.0324477687,0.03472142,21479178.47,900224705.78,"2020-01-05T23:59:59.999Z"
"2019-12-23T00:00:00.000Z","2019-12-29T23:59:59.999Z","2019-12-24T15:04:02.000Z","2019-12-27T12:04:07.000Z","2781",0.0344411772,0.0350500865,0.0322256733,0.0342839436,23696263.28,888882223.76,"2019-12-29T23:59:59.999Z"
"2019-12-16T00:00:00.000Z","2019-12-22T23:59:59.999Z","2019-12-16T00:08:02.000Z","2019-12-18T13:25:01.000Z","2781",0.0366618382,0.0367156977,0.0308854182,0.0344662803,24856105.51,893609680.12,"2019-12-22T23:59:59.999Z"
"2019-12-09T00:00:00.000Z","2019-12-15T23:59:59.999Z","2019-12-09T00:40:01.000Z","2019-12-15T15:13:06.000Z","2781",0.0389322417,0.0389738654,0.0348075549,0.0366534029,28289226.85,950315361.18,"2019-12-15T23:59:59.999Z"
"2019-12-02T00:00:00.000Z","2019-12-08T23:59:59.999Z","2019-12-02T02:12:06.000Z","2019-12-04T08:14:04.000Z","2781",0.0396119707,0.0397692526,0.0365501415,0.0389476393,25653004.19,1009798192.45,"2019-12-08T23:59:59.999Z"
"2019-11-25T00:00:00.000Z","2019-12-01T23:59:59.999Z","2019-11-30T08:24:00.000Z","2019-11-25T05:52:02.000Z","2781",0.0355429626,0.0422680747,0.0333358426,0.0395866334,59641355.4,1026365437.17,"2019-12-01T23:59:59.999Z"
"2019-11-18T00:00:00.000Z","2019-11-24T23:59:59.999Z","2019-11-18T10:04:03.000Z","2019-11-22T14:34:04.000Z","2781",0.045403193,0.0466521271,0.034610918,0.0355875414,62998664.48,922680695.48,"2019-11-24T23:59:59.999Z"
"2019-11-11T00:00:00.000Z","2019-11-17T23:59:59.999Z","2019-11-17T17:40:03.000Z","2019-11-15T04:14:06.000Z","2781",0.0439708998,0.0464234695,0.0423294642,0.0454207846,74834540.11,1177627885.38,"2019-11-17T23:59:59.999Z"
"2019-11-04T00:00:00.000Z","2019-11-10T23:59:59.999Z","2019-11-06T09:24:02.000Z","2019-11-08T15:48:03.000Z","2781",0.0418887076,0.0461048906,0.0413797671,0.0439577628,71691724.66,1139696015.62,"2019-11-10T23:59:59.999Z"
"2019-10-28T00:00:00.000Z","2019-11-03T23:59:59.999Z","2019-10-28T01:21:01.000Z","2019-10-31T10:11:01.000Z","2781",0.0423145532,0.0445532402,0.0404558596,0.0419302615,38559537.28,1087128847.82,"2019-11-03T23:59:59.999Z"
"2019-10-21T00:00:00.000Z","2019-10-27T23:59:59.999Z","2019-10-26T02:14:04.000Z","2019-10-23T16:07:03.000Z","2781",0.0395426356,0.0431766065,0.0357864665,0.0423347608,122643092.58,1097616330.09,"2019-10-27T23:59:59.999Z"
"2019-10-14T00:00:00.000Z","2019-10-20T23:59:59.999Z","2019-10-14T08:23:02.000Z","2019-10-18T15:04:03.000Z","2781",0.0413246942,0.0421624928,0.0375913997,0.0395285203,33137956.07,1024858733.34,"2019-10-20T23:59:59.999Z"
"2019-10-07T00:00:00.000Z","2019-10-13T23:59:59.999Z","2019-10-09T10:40:01.000Z","2019-10-07T02:16:02.000Z","2781",0.0393053965,0.043312702,0.0386304968,0.0413246942,34184264.61,1071428262.4,"2019-10-13T23:59:59.999Z"
"2019-09-30T00:00:00.000Z","2019-10-06T23:59:59.999Z","2019-10-04T16:57:02.000Z","2019-09-30T04:59:04.000Z","2781",0.0374738518,0.0403846389,0.0364221502,0.0393238812,38119872.42,1019553042.08,"2019-10-06T23:59:59.999Z"
"2019-09-23T00:00:00.000Z","2019-09-29T23:59:59.999Z","2019-09-23T17:20:03.000Z","2019-09-26T16:34:06.000Z","2781",0.0490451139,0.0495549251,0.0356429975,0.0374855329,43311030.25,971890056.53,"2019-09-29T23:59:59.999Z"
"2019-09-16T00:00:00.000Z","2019-09-22T23:59:59.999Z","2019-09-18T16:01:04.000Z","2019-09-16T14:17:03.000Z","2781",0.0468153761,0.054921289,0.0460987576,0.0491113719,86152016.49,1273314002.43,"2019-09-22T23:59:59.999Z"
"2019-09-09T00:00:00.000Z","2019-09-15T23:59:59.999Z","2019-09-10T05:00:02.000Z","2019-09-12T08:20:06.000Z","2781",0.0467058741,0.0481399701,0.0444230956,0.0467986675,41237028.54,1213352353.76,"2019-09-15T23:59:59.999Z"
"2019-09-02T00:00:00.000Z","2019-09-08T23:59:59.999Z","2019-09-08T15:08:02.000Z","2019-09-02T08:46:02.000Z","2781",0.0445550853,0.0476526548,0.043422039,0.0467188925,46948887.15,1211284020.19,"2019-09-08T23:59:59.999Z"
"2019-08-26T00:00:00.000Z","2019-09-01T23:59:59.999Z","2019-08-26T01:14:05.000Z","2019-08-29T07:38:01.000Z","2781",0.0494536433,0.0509441444,0.0433956058,0.0445425638,31928554.93,1154858194.54,"2019-09-01T23:59:59.999Z"
"2019-08-19T00:00:00.000Z","2019-08-25T23:59:59.999Z","2019-08-25T03:55:01.000Z","2019-08-21T12:48:03.000Z","2781",0.0507250544,0.0526054955,0.0460459717,0.0494389901,104616408.22,1281808184.57,"2019-08-25T23:59:59.999Z"
"2019-08-12T00:00:00.000Z","2019-08-18T23:59:59.999Z","2019-08-12T00:00:06.000Z","2019-08-16T06:02:01.000Z","2781",0.0547957386,0.0547957386,0.0448603466,0.0507313127,38253394.62,1315314322.73,"2019-08-18T23:59:59.999Z"
"2019-08-05T00:00:00.000Z","2019-08-11T23:59:59.999Z","2019-08-05T10:45:04.000Z","2019-08-09T22:43:02.000Z","2781",0.0562699003,0.0583625145,0.0474734317,0.0549811378,58526307.57,1425499839.14,"2019-08-11T23:59:59.999Z"
"2019-07-29T00:00:00.000Z","2019-08-04T23:59:59.999Z","2019-07-29T15:38:02.000Z","2019-08-04T23:05:04.000Z","2781",0.0593786424,0.0619745115,0.05619336,0.0562707515,45039556.85,1458935743.8,"2019-08-04T23:59:59.999Z"
"2019-07-22T00:00:00.000Z","2019-07-28T23:59:59.999Z","2019-07-27T00:38:03.000Z","2019-07-24T02:17:01.000Z","2781",0.0612081168,0.0636771557,0.0540267293,0.0594743569,30475480.04,1541995847.37,"2019-07-28T23:59:59.999Z"
"2019-07-15T00:00:00.000Z","2019-07-21T23:59:59.999Z","2019-07-20T20:12:02.000Z","2019-07-17T02:50:06.000Z","2781",0.0594125635,0.0651320681,0.0500708799,0.061202752,53461725.92,1586808067.15,"2019-07-21T23:59:59.999Z"
"2019-07-08T00:00:00.000Z","2019-07-14T23:59:59.999Z","2019-07-08T09:13:01.000Z","2019-07-14T23:57:01.000Z","2781",0.0799318776,0.0822585761,0.0593713401,0.059429195,101190601.62,1540824931.3,"2019-07-14T23:59:59.999Z"
"2019-07-01T00:00:00.000Z","2019-07-07T23:59:59.999Z","2019-07-01T03:49:07.000Z","2019-07-05T20:38:02.000Z","2781",0.0820975864,0.0858945138,0.076027306,0.0799637945,104984613.08,2073226940.31,"2019-07-07T23:59:59.999Z"
"2019-06-24T00:00:00.000Z","2019-06-30T23:59:59.999Z","2019-06-26T15:57:03.000Z","2019-06-30T23:59:05.000Z","2781",0.0966443232,0.1069103362,0.0820975864,0.0820975864,161855807.03,2128549912.33,"2019-06-30T23:59:59.999Z"
"2019-06-17T00:00:00.000Z","2019-06-23T23:59:59.999Z","2019-06-23T16:06:02.000Z","2019-06-20T20:24:01.000Z","2781",0.0922911177,0.1021436228,0.0855591897,0.0966443232,245604694.01,2505704184.52,"2019-06-23T23:59:59.999Z"
"2019-06-10T00:00:00.000Z","2019-06-16T23:59:59.999Z","2019-06-13T01:13:02.000Z","2019-06-10T00:30:03.000Z","2781",0.0794298081,0.0969877014,0.0783502534,0.0923209296,197578316.72,2393611253.66,"2019-06-16T23:59:59.999Z"
"2019-06-03T00:00:00.000Z","2019-06-09T23:59:59.999Z","2019-06-03T04:08:09.000Z","2019-06-09T22:37:04.000Z","2781",0.0965863128,0.0983419657,0.077630873,0.0794703859,122067718.34,2060434301.67,"2019-06-09T23:59:59.999Z"
"2019-05-27T00:00:00.000Z","2019-06-02T23:59:59.999Z","2019-06-02T12:14:04.000Z","2019-05-30T21:30:08.000Z","2781",0.0860384287,0.09751923,0.0817438465,0.0965777361,187162218.1,2503977776.99,"2019-06-02T23:59:59.999Z"
"2019-05-20T00:00:00.000Z","2019-05-26T23:59:59.999Z","2019-05-20T21:08:01.000Z","2019-05-23T09:28:02.000Z","2781",0.0869618723,0.0869934476,0.0741888294,0.0860142085,111190328.72,2230096451.63,"2019-05-26T23:59:59.999Z"
"2019-05-13T00:00:00.000Z","2019-05-19T23:59:59.999Z","2019-05-16T02:52:05.000Z","2019-05-13T00:32:02.000Z","2781",0.0700857936,0.1004016346,0.0695297173,0.0869959074,145752504.08,2255549028.03,"2019-05-19T23:59:59.999Z"
"2019-05-06T00:00:00.000Z","2019-05-12T23:59:59.999Z","2019-05-11T23:41:01.000Z","2019-05-10T03:29:09.000Z","2781",0.0661638633,0.0784318521,0.0591055842,0.0700857936,141023789.49,1817119314.84,"2019-05-12T23:59:59.999Z"
"2019-04-29T00:00:00.000Z","2019-05-05T23:59:59.999Z","2019-05-04T01:59:01.000Z","2019-04-29T13:16:04.000Z","2781",0.0686201099,0.0719540695,0.0642035832,0.0661462463,49098472.72,1714978393.8,"2019-05-05T23:59:59.999Z"
"2019-04-22T00:00:00.000Z","2019-04-28T23:59:59.999Z","2019-04-23T07:33:02.000Z","2019-04-26T00:27:02.000Z","2781",0.0741006771,0.0803332001,0.0668811812,0.0685910033,42979831.2,1778363781.64,"2019-04-28T23:59:59.999Z"
"2019-04-15T00:00:00.000Z","2019-04-21T23:59:59.999Z","2019-04-15T01:29:01.000Z","2019-04-21T12:34:07.000Z","2781",0.0846432018,0.0856340554,0.0719890442,0.0741063673,89301951.62,1921361011.54,"2019-04-21T23:59:59.999Z"
"2019-04-08T00:00:00.000Z","2019-04-14T23:59:59.999Z","2019-04-10T20:26:02.000Z","2019-04-11T11:36:01.000Z","2781",0.0904655029,0.0924785255,0.0776290812,0.0846432018,82514758.38,2194550263.94,"2019-04-14T23:59:59.999Z"
"2019-04-01T00:00:00.000Z","2019-04-07T23:59:59.999Z","2019-04-03T21:08:02.000Z","2019-04-01T00:31:05.000Z","2781",0.0696513793,0.0999581124,0.069018699,0.0904844568,100804121.36,2345996894.44,"2019-04-07T23:59:59.999Z"
"2019-03-25T00:00:00.000Z","2019-03-31T23:59:59.999Z","2019-03-30T05:30:02.000Z","2019-03-25T20:53:04.000Z","2781",0.0618503624,0.0737117932,0.0575336155,0.0697461128,67772020.27,1808312386.75,"2019-03-31T23:59:59.999Z"
"2019-03-18T00:00:00.000Z","2019-03-24T23:59:59.999Z","2019-03-23T22:15:02.000Z","2019-03-18T11:15:02.000Z","2781",0.0503109051,0.0647270566,0.0496684946,0.0617036668,102441666.32,1599795321.34,"2019-03-24T23:59:59.999Z"
"2019-03-11T00:00:00.000Z","2019-03-17T23:59:59.999Z","2019-03-16T04:29:03.000Z","2019-03-11T13:07:01.000Z","2781",0.0456972536,0.0518760918,0.044978779,0.0502066325,28870444.68,1301710901.53,"2019-03-17T23:59:59.999Z"
"2019-03-04T00:00:00.000Z","2019-03-10T23:59:59.999Z","2019-03-09T14:52:03.000Z","2019-03-04T10:48:02.000Z","2781",0.0423028776,0.046950774,0.0398301948,0.0456981921,27465021.86,1184820250,"2019-03-10T23:59:59.999Z"
"2019-02-25T00:00:00.000Z","2019-03-03T23:59:59.999Z","2019-02-25T18:51:04.000Z","2019-02-27T21:09:02.000Z","2781",0.0421682785,0.0445682874,0.0420973923,0.0423116803,11011516.85,1097017920.37,"2019-03-03T23:59:59.999Z"
"2019-02-18T00:00:00.000Z","2019-02-24T23:59:59.999Z","2019-02-24T03:25:01.000Z","2019-02-18T00:09:03.000Z","2781",0.0414675185,0.050460091,0.0413798359,0.0424559285,51650807.05,1100757851.68,"2019-02-24T23:59:59.999Z"
"2019-02-11T00:00:00.000Z","2019-02-17T23:59:59.999Z","2019-02-11T00:02:08.000Z","2019-02-14T11:10:02.000Z","2781",0.0427721674,0.0427721674,0.0402216565,0.041451697,15275650.05,1074721071.39,"2019-02-17T23:59:59.999Z"
"2019-02-04T00:00:00.000Z","2019-02-10T23:59:59.999Z","2019-02-10T23:39:05.000Z","2019-02-06T15:19:03.000Z","2781",0.0381301981,0.0429942421,0.0360598888,0.042829627,22634046.98,1110446759.76,"2019-02-10T23:59:59.999Z"
"2019-01-28T00:00:00.000Z","2019-02-03T23:59:59.999Z","2019-01-28T01:12:03.000Z","2019-01-29T08:03:04.000Z","2781",0.0411372061,0.041317639,0.0370436895,0.0380292932,12940762.06,985988168.05,"2019-02-03T23:59:59.999Z"
"2019-01-21T00:00:00.000Z","2019-01-27T23:59:59.999Z","2019-01-23T14:08:01.000Z","2019-01-27T14:37:06.000Z","2781",0.0435406874,0.0441123808,0.0408968104,0.0411679273,20835106.77,1067363755.41,"2019-01-27T23:59:59.999Z"
"2019-01-14T00:00:00.000Z","2019-01-20T23:59:59.999Z","2019-01-19T18:19:01.000Z","2019-01-14T00:09:16.000Z","2781",0.0402488315,0.0464406933,0.0402039654,0.0434768143,26755021.63,1127226431.18,"2019-01-20T23:59:59.999Z"
"2019-01-07T00:00:00.000Z","2019-01-13T23:59:59.999Z","2019-01-10T05:21:08.000Z","2019-01-13T21:17:19.000Z","2781",0.0492661852,0.05463648,0.0398065843,0.0402408995,21758341.35,1043328639.9,"2019-01-13T23:59:59.999Z"
"2018-12-31T00:00:00.000Z","2019-01-06T23:59:59.999Z","2019-01-06T22:40:12.000Z","2019-01-01T02:57:13.000Z","2781",0.043231772,0.0496371894,0.0403077016,0.0492606359,51366407.22,1277183981.11,"2019-01-06T23:59:59.999Z"
"2018-12-24T00:00:00.000Z","2018-12-30T23:59:59.999Z","2018-12-24T15:02:11.000Z","2018-12-28T02:05:08.000Z","2781",0.0442855932,0.0492823212,0.0365005052,0.0432797244,27767173.87,1122116467.72,"2018-12-30T23:59:59.999Z"
"2018-12-17T00:00:00.000Z","2018-12-23T23:59:59.999Z","2018-12-21T13:15:14.000Z","2018-12-17T02:24:14.000Z","2781",0.029174627,0.0455103751,0.0290989,0.0442302884,40656189.78,1146761807.24,"2018-12-23T23:59:59.999Z"
"2018-12-10T00:00:00.000Z","2018-12-16T23:59:59.999Z","2018-12-10T00:37:14.000Z","2018-12-15T10:19:11.000Z","2781",0.0316532296,0.0320680787,0.0277905426,0.0291031969,10366600.67,754560639.03,"2018-12-16T23:59:59.999Z"
"2018-12-03T00:00:00.000Z","2018-12-09T23:59:59.999Z","2018-12-03T00:05:14.000Z","2018-12-07T19:02:10.000Z","2781",0.0418737626,0.0418844387,0.0273930235,0.0316925859,16588923.94,821695909.73,"2018-12-09T23:59:59.999Z"
"2018-11-26T00:00:00.000Z","2018-12-02T23:59:59.999Z","2018-11-29T11:49:10.000Z","2018-11-27T10:21:11.000Z","2781",0.0377607,0.0445179669,0.0340286,0.0416718583,23206022.63,1080429209.08,"2018-12-02T23:59:59.999Z"
"2018-11-19T00:00:00.000Z","2018-11-25T23:59:59.999Z","2018-11-19T00:00:05.000Z","2018-11-25T10:27:10.000Z","2781",0.0619029,0.0619029,0.0327977,0.0377253,40704000,978106514.17,"2018-11-25T23:59:59.999Z"
"2018-11-12T00:00:00.000Z","2018-11-18T23:59:59.999Z","2018-11-12T01:48:06.000Z","2018-11-15T15:03:11.000Z","2781",0.0768178,0.0772158,0.0582503,0.0619158,16669400,1605295314.02,"2018-11-18T23:59:59.999Z"
"2018-11-05T00:00:00.000Z","2018-11-11T23:59:59.999Z","2018-11-07T00:28:07.000Z","2018-11-09T21:36:07.000Z","2781",0.0759613,0.0813096,0.0739124,0.0764809,23663500,1982925689.11,"2018-11-11T23:59:59.999Z"
"2018-10-29T00:00:00.000Z","2018-11-04T23:59:59.999Z","2018-11-04T16:59:10.000Z","2018-10-31T15:03:04.000Z","2781",0.0730416,0.0773067,0.0678826,0.0762293,52924200,1976402438.16,"2018-11-04T23:59:59.999Z"
"2018-10-22T00:00:00.000Z","2018-10-28T23:59:59.999Z","2018-10-22T12:49:13.000Z","2018-10-28T11:44:09.000Z","2781",0.0757539,0.0765097,0.0723614,0.0731664,11226100,1896990413.81,"2018-10-28T23:59:59.999Z"
"2018-10-15T00:00:00.000Z","2018-10-21T23:59:59.999Z","2018-10-15T06:49:14.000Z","2018-10-15T00:19:07.000Z","2781",0.0704363,0.0786236,0.0697728,0.0758732,17620200,1967169808.34,"2018-10-21T23:59:59.999Z"
"2018-10-08T00:00:00.000Z","2018-10-14T23:59:59.999Z","2018-10-08T15:34:12.000Z","2018-10-12T00:14:11.000Z","2781",0.0845311,0.0881686,0.0698391,0.0712929,26250600,1848416047.16,"2018-10-14T23:59:59.999Z"
"2018-10-01T00:00:00.000Z","2018-10-07T23:59:59.999Z","2018-10-01T00:29:10.000Z","2018-10-03T03:39:07.000Z","2781",0.0852923,0.0858058,0.079175,0.0846583,34848400,2194941715.73,"2018-10-07T23:59:59.999Z"
"2018-09-24T00:00:00.000Z","2018-09-30T23:59:59.999Z","2018-09-24T02:04:09.000Z","2018-09-25T11:44:07.000Z","2781",0.0897055,0.0913541,0.0753782,0.0851952,49853100,2208861959.9,"2018-09-30T23:59:59.999Z"
"2018-09-17T00:00:00.000Z","2018-09-23T23:59:59.999Z","2018-09-23T09:29:10.000Z","2018-09-18T03:59:09.000Z","2781",0.0698542,0.0932254,0.062599,0.0897535,149996000,2327045325.53,"2018-09-23T23:59:59.999Z"
"2018-09-10T00:00:00.000Z","2018-09-16T23:59:59.999Z","2018-09-10T01:54:10.000Z","2018-09-12T11:39:11.000Z","2781",0.0772772,0.0781328,0.0617078,0.0699625,32643600,1813922672.51,"2018-09-16T23:59:59.999Z"
"2018-09-03T00:00:00.000Z","2018-09-09T23:59:59.999Z","2018-09-04T18:39:10.000Z","2018-09-09T03:14:09.000Z","2781",0.10465,0.106509,0.0750255,0.076643,47870100,1987128467.24,"2018-09-09T23:59:59.999Z"
"2018-08-27T00:00:00.000Z","2018-09-02T23:59:59.999Z","2018-08-29T13:44:06.000Z","2018-08-27T03:14:07.000Z","2781",0.0931783,0.108924,0.0925222,0.104432,58391900,2707615830.42,"2018-09-02T23:59:59.999Z"
"2018-08-20T00:00:00.000Z","2018-08-26T23:59:59.999Z","2018-08-20T02:09:29.000Z","2018-08-22T22:19:11.000Z","2781",0.102243,0.103728,0.0880878,0.0933377,26907400,2419973131.75,"2018-08-26T23:59:59.999Z"
"2018-08-13T00:00:00.000Z","2018-08-19T23:59:59.999Z","2018-08-13T09:34:24.000Z","2018-08-14T02:09:19.000Z","2781",0.113183,0.115714,0.0869513,0.102437,51106900,2655891324.7,"2018-08-19T23:59:59.999Z"
"2018-08-06T00:00:00.000Z","2018-08-12T23:59:59.999Z","2018-08-06T02:19:08.000Z","2018-08-11T16:54:11.000Z","2781",0.130919,0.136404,0.109195,0.11297,35031500,2928981158.68,"2018-08-12T23:59:59.999Z"
